[{"model": "admin.logentry", "pk": 1, "fields": {"action_time": "2025-04-09T21:41:25.987Z", "user": 1, "content_type": 12, "object_id": "1", "object_repr": "dev - consultant", "action_flag": 1, "change_message": "[{\"added\": {}}]"}}, {"model": "admin.logentry", "pk": 2, "fields": {"action_time": "2025-04-09T22:48:37.621Z", "user": 1, "content_type": 4, "object_id": "2", "object_repr": "dev1", "action_flag": 3, "change_message": ""}}, {"model": "admin.logentry", "pk": 3, "fields": {"action_time": "2025-04-09T22:48:37.621Z", "user": 1, "content_type": 4, "object_id": "3", "object_repr": "dev11", "action_flag": 3, "change_message": ""}}, {"model": "admin.logentry", "pk": 4, "fields": {"action_time": "2025-04-09T22:48:37.621Z", "user": 1, "content_type": 4, "object_id": "4", "object_repr": "dev12", "action_flag": 3, "change_message": ""}}, {"model": "admin.logentry", "pk": 5, "fields": {"action_time": "2025-04-09T22:52:43.343Z", "user": 1, "content_type": 4, "object_id": "5", "object_repr": "dev1", "action_flag": 3, "change_message": ""}}, {"model": "admin.logentry", "pk": 6, "fields": {"action_time": "2025-04-09T22:53:03.483Z", "user": 1, "content_type": 4, "object_id": "6", "object_repr": "dev1", "action_flag": 1, "change_message": "[{\"added\": {}}]"}}, {"model": "admin.logentry", "pk": 7, "fields": {"action_time": "2025-04-09T22:53:59.090Z", "user": 1, "content_type": 4, "object_id": "6", "object_repr": "dev1", "action_flag": 2, "change_message": "[{\"changed\": {\"fields\": [\"User permissions\"]}}]"}}, {"model": "admin.logentry", "pk": 8, "fields": {"action_time": "2025-04-09T22:55:15.213Z", "user": 1, "content_type": 4, "object_id": "6", "object_repr": "dev1", "action_flag": 2, "change_message": "[{\"changed\": {\"fields\": [\"Email address\"]}}]"}}, {"model": "admin.logentry", "pk": 9, "fields": {"action_time": "2025-04-09T22:56:14.606Z", "user": 1, "content_type": 12, "object_id": "6", "object_repr": "dev1 - client", "action_flag": 2, "change_message": "[{\"changed\": {\"fields\": [\"Role\"]}}]"}}, {"model": "admin.logentry", "pk": 10, "fields": {"action_time": "2025-04-09T23:21:09.976Z", "user": 1, "content_type": 4, "object_id": "6", "object_repr": "dev1", "action_flag": 3, "change_message": ""}}, {"model": "admin.logentry", "pk": 11, "fields": {"action_time": "2025-04-09T23:21:09.976Z", "user": 1, "content_type": 4, "object_id": "8", "object_repr": "dev11", "action_flag": 3, "change_message": ""}}, {"model": "admin.logentry", "pk": 12, "fields": {"action_time": "2025-04-09T23:21:09.976Z", "user": 1, "content_type": 4, "object_id": "12", "object_repr": "dev121", "action_flag": 3, "change_message": ""}}, {"model": "admin.logentry", "pk": 13, "fields": {"action_time": "2025-04-09T23:21:09.976Z", "user": 1, "content_type": 4, "object_id": "7", "object_repr": "dev2", "action_flag": 3, "change_message": ""}}, {"model": "admin.logentry", "pk": 14, "fields": {"action_time": "2025-04-09T23:21:09.976Z", "user": 1, "content_type": 4, "object_id": "9", "object_repr": "dev21", "action_flag": 3, "change_message": ""}}, {"model": "admin.logentry", "pk": 15, "fields": {"action_time": "2025-04-09T23:21:09.976Z", "user": 1, "content_type": 4, "object_id": "10", "object_repr": "devdev123", "action_flag": 3, "change_message": ""}}, {"model": "admin.logentry", "pk": 16, "fields": {"action_time": "2025-04-09T23:21:09.976Z", "user": 1, "content_type": 4, "object_id": "11", "object_repr": "devtest", "action_flag": 3, "change_message": ""}}, {"model": "admin.logentry", "pk": 17, "fields": {"action_time": "2025-04-14T03:41:38.093Z", "user": 1, "content_type": 16, "object_id": "1", "object_repr": "dev11's Company - AI Assessment Analysis Completed (2025-04-14) by dev11", "action_flag": 2, "change_message": "[{\"changed\": {\"fields\": [\"Description\"]}}]"}}, {"model": "admin.logentry", "pk": 18, "fields": {"action_time": "2025-04-15T16:15:16.545Z", "user": 1, "content_type": 12, "object_id": "22", "object_repr": "client11 - client", "action_flag": 1, "change_message": "[{\"added\": {}}]"}}, {"model": "admin.logentry", "pk": 19, "fields": {"action_time": "2025-05-09T23:18:08.553Z", "user": 1, "content_type": 12, "object_id": "23", "object_repr": "user789 - client", "action_flag": 1, "change_message": "[{\"added\": {}}]"}}, {"model": "auth.permission", "pk": 1, "fields": {"name": "Can add log entry", "content_type": 1, "codename": "add_logentry"}}, {"model": "auth.permission", "pk": 2, "fields": {"name": "Can change log entry", "content_type": 1, "codename": "change_logentry"}}, {"model": "auth.permission", "pk": 3, "fields": {"name": "Can delete log entry", "content_type": 1, "codename": "delete_logentry"}}, {"model": "auth.permission", "pk": 4, "fields": {"name": "Can view log entry", "content_type": 1, "codename": "view_logentry"}}, {"model": "auth.permission", "pk": 5, "fields": {"name": "Can add permission", "content_type": 2, "codename": "add_permission"}}, {"model": "auth.permission", "pk": 6, "fields": {"name": "Can change permission", "content_type": 2, "codename": "change_permission"}}, {"model": "auth.permission", "pk": 7, "fields": {"name": "Can delete permission", "content_type": 2, "codename": "delete_permission"}}, {"model": "auth.permission", "pk": 8, "fields": {"name": "Can view permission", "content_type": 2, "codename": "view_permission"}}, {"model": "auth.permission", "pk": 9, "fields": {"name": "Can add group", "content_type": 3, "codename": "add_group"}}, {"model": "auth.permission", "pk": 10, "fields": {"name": "Can change group", "content_type": 3, "codename": "change_group"}}, {"model": "auth.permission", "pk": 11, "fields": {"name": "Can delete group", "content_type": 3, "codename": "delete_group"}}, {"model": "auth.permission", "pk": 12, "fields": {"name": "Can view group", "content_type": 3, "codename": "view_group"}}, {"model": "auth.permission", "pk": 13, "fields": {"name": "Can add user", "content_type": 4, "codename": "add_user"}}, {"model": "auth.permission", "pk": 14, "fields": {"name": "Can change user", "content_type": 4, "codename": "change_user"}}, {"model": "auth.permission", "pk": 15, "fields": {"name": "Can delete user", "content_type": 4, "codename": "delete_user"}}, {"model": "auth.permission", "pk": 16, "fields": {"name": "Can view user", "content_type": 4, "codename": "view_user"}}, {"model": "auth.permission", "pk": 17, "fields": {"name": "Can add content type", "content_type": 5, "codename": "add_contenttype"}}, {"model": "auth.permission", "pk": 18, "fields": {"name": "Can change content type", "content_type": 5, "codename": "change_contenttype"}}, {"model": "auth.permission", "pk": 19, "fields": {"name": "Can delete content type", "content_type": 5, "codename": "delete_contenttype"}}, {"model": "auth.permission", "pk": 20, "fields": {"name": "Can view content type", "content_type": 5, "codename": "view_contenttype"}}, {"model": "auth.permission", "pk": 21, "fields": {"name": "Can add session", "content_type": 6, "codename": "add_session"}}, {"model": "auth.permission", "pk": 22, "fields": {"name": "Can change session", "content_type": 6, "codename": "change_session"}}, {"model": "auth.permission", "pk": 23, "fields": {"name": "Can delete session", "content_type": 6, "codename": "delete_session"}}, {"model": "auth.permission", "pk": 24, "fields": {"name": "Can view session", "content_type": 6, "codename": "view_session"}}, {"model": "auth.permission", "pk": 25, "fields": {"name": "Can add recommendation", "content_type": 7, "codename": "add_recommendation"}}, {"model": "auth.permission", "pk": 26, "fields": {"name": "Can change recommendation", "content_type": 7, "codename": "change_recommendation"}}, {"model": "auth.permission", "pk": 27, "fields": {"name": "Can delete recommendation", "content_type": 7, "codename": "delete_recommendation"}}, {"model": "auth.permission", "pk": 28, "fields": {"name": "Can view recommendation", "content_type": 7, "codename": "view_recommendation"}}, {"model": "auth.permission", "pk": 29, "fields": {"name": "Can add pillar score", "content_type": 8, "codename": "add_pillarscore"}}, {"model": "auth.permission", "pk": 30, "fields": {"name": "Can change pillar score", "content_type": 8, "codename": "change_pillarscore"}}, {"model": "auth.permission", "pk": 31, "fields": {"name": "Can delete pillar score", "content_type": 8, "codename": "delete_pillarscore"}}, {"model": "auth.permission", "pk": 32, "fields": {"name": "Can view pillar score", "content_type": 8, "codename": "view_pillarscore"}}, {"model": "auth.permission", "pk": 33, "fields": {"name": "Can add client", "content_type": 9, "codename": "add_client"}}, {"model": "auth.permission", "pk": 34, "fields": {"name": "Can change client", "content_type": 9, "codename": "change_client"}}, {"model": "auth.permission", "pk": 35, "fields": {"name": "Can delete client", "content_type": 9, "codename": "delete_client"}}, {"model": "auth.permission", "pk": 36, "fields": {"name": "Can view client", "content_type": 9, "codename": "view_client"}}, {"model": "auth.permission", "pk": 37, "fields": {"name": "Can add insight", "content_type": 10, "codename": "add_insight"}}, {"model": "auth.permission", "pk": 38, "fields": {"name": "Can change insight", "content_type": 10, "codename": "change_insight"}}, {"model": "auth.permission", "pk": 39, "fields": {"name": "Can delete insight", "content_type": 10, "codename": "delete_insight"}}, {"model": "auth.permission", "pk": 40, "fields": {"name": "Can view insight", "content_type": 10, "codename": "view_insight"}}, {"model": "auth.permission", "pk": 41, "fields": {"name": "Can add assessment", "content_type": 11, "codename": "add_assessment"}}, {"model": "auth.permission", "pk": 42, "fields": {"name": "Can change assessment", "content_type": 11, "codename": "change_assessment"}}, {"model": "auth.permission", "pk": 43, "fields": {"name": "Can delete assessment", "content_type": 11, "codename": "delete_assessment"}}, {"model": "auth.permission", "pk": 44, "fields": {"name": "Can view assessment", "content_type": 11, "codename": "view_assessment"}}, {"model": "auth.permission", "pk": 45, "fields": {"name": "Can add user profile", "content_type": 12, "codename": "add_userprofile"}}, {"model": "auth.permission", "pk": 46, "fields": {"name": "Can change user profile", "content_type": 12, "codename": "change_userprofile"}}, {"model": "auth.permission", "pk": 47, "fields": {"name": "Can delete user profile", "content_type": 12, "codename": "delete_userprofile"}}, {"model": "auth.permission", "pk": 48, "fields": {"name": "Can view user profile", "content_type": 12, "codename": "view_userprofile"}}, {"model": "auth.permission", "pk": 49, "fields": {"name": "Can add quote", "content_type": 13, "codename": "add_quote"}}, {"model": "auth.permission", "pk": 50, "fields": {"name": "Can change quote", "content_type": 13, "codename": "change_quote"}}, {"model": "auth.permission", "pk": 51, "fields": {"name": "Can delete quote", "content_type": 13, "codename": "delete_quote"}}, {"model": "auth.permission", "pk": 52, "fields": {"name": "Can view quote", "content_type": 13, "codename": "view_quote"}}, {"model": "auth.permission", "pk": 53, "fields": {"name": "Can add dimension score", "content_type": 14, "codename": "add_dimensionscore"}}, {"model": "auth.permission", "pk": 54, "fields": {"name": "Can change dimension score", "content_type": 14, "codename": "change_dimensionscore"}}, {"model": "auth.permission", "pk": 55, "fields": {"name": "Can delete dimension score", "content_type": 14, "codename": "delete_dimensionscore"}}, {"model": "auth.permission", "pk": 56, "fields": {"name": "Can view dimension score", "content_type": 14, "codename": "view_dimensionscore"}}, {"model": "auth.permission", "pk": 57, "fields": {"name": "Can add match", "content_type": 15, "codename": "add_match"}}, {"model": "auth.permission", "pk": 58, "fields": {"name": "Can change match", "content_type": 15, "codename": "change_match"}}, {"model": "auth.permission", "pk": 59, "fields": {"name": "Can delete match", "content_type": 15, "codename": "delete_match"}}, {"model": "auth.permission", "pk": 60, "fields": {"name": "Can view match", "content_type": 15, "codename": "view_match"}}, {"model": "auth.permission", "pk": 61, "fields": {"name": "Can add change milestone", "content_type": 16, "codename": "add_changemilestone"}}, {"model": "auth.permission", "pk": 62, "fields": {"name": "Can change change milestone", "content_type": 16, "codename": "change_changemilestone"}}, {"model": "auth.permission", "pk": 63, "fields": {"name": "Can delete change milestone", "content_type": 16, "codename": "delete_changemilestone"}}, {"model": "auth.permission", "pk": 64, "fields": {"name": "Can view change milestone", "content_type": 16, "codename": "view_changemilestone"}}, {"model": "auth.user", "pk": 1, "fields": {"password": "pbkdf2_sha256$1000000$2t7R1B8Fl3LEFndfkBPDKs$p5bcPddK4f5G80dTwNM474azw57zpYW550hWHvLv3kY=", "last_login": "2025-05-09T23:17:46.593Z", "is_superuser": true, "username": "dev", "first_name": "", "last_name": "", "email": "dev@gmail.com", "is_staff": true, "is_active": true, "date_joined": "2025-04-09T20:33:55.772Z", "groups": [], "user_permissions": []}}, {"model": "auth.user", "pk": 13, "fields": {"password": "pbkdf2_sha256$1000000$WFX8NHbjPGYV5fPlC2Oyxd$Gx7CzKu4H6KWBpVUBq3nDyZMCdGB0RPjuJfyRHHP8Tc=", "last_login": "2025-04-10T04:43:52.365Z", "is_superuser": false, "username": "dev1", "first_name": "", "last_name": "", "email": "dev1@gmail.com", "is_staff": false, "is_active": true, "date_joined": "2025-04-09T23:21:52.359Z", "groups": [], "user_permissions": []}}, {"model": "auth.user", "pk": 14, "fields": {"password": "pbkdf2_sha256$1000000$TsHDAX2SUmKvYdehsTHxyq$YJOO4ygSQPZQgNAdJXtssxFb565+bNiIejSY4V/pXBo=", "last_login": "2025-04-15T14:26:19.142Z", "is_superuser": false, "username": "dev11", "first_name": "", "last_name": "", "email": "dev11@gmail.com", "is_staff": false, "is_active": true, "date_joined": "2025-04-09T23:27:10.700Z", "groups": [], "user_permissions": []}}, {"model": "auth.user", "pk": 15, "fields": {"password": "pbkdf2_sha256$1000000$LMzyKRHyjdMGpNk5OWzdgU$3bQOvaCNao0fPywG/qDIfZhNnUg+ABkgB+x+T/pHhfM=", "last_login": "2025-04-10T04:50:06.315Z", "is_superuser": false, "username": "dev12", "first_name": "", "last_name": "", "email": "dev12@gmail.com", "is_staff": false, "is_active": true, "date_joined": "2025-04-09T23:53:57.574Z", "groups": [], "user_permissions": []}}, {"model": "auth.user", "pk": 16, "fields": {"password": "pbkdf2_sha256$1000000$LsKsvSBMOBkfNzCGrE2fEc$iKfw4M9PHO8YNPJweJiYhcy4wFbueuqqAsBb6wVtF/o=", "last_login": "2025-04-10T00:59:51.103Z", "is_superuser": false, "username": "test123", "first_name": "", "last_name": "", "email": "test123@gmail.com", "is_staff": false, "is_active": true, "date_joined": "2025-04-10T00:59:38.061Z", "groups": [], "user_permissions": []}}, {"model": "auth.user", "pk": 17, "fields": {"password": "pbkdf2_sha256$1000000$HknOFmTNrUGyixn1k1H1y8$/zlGLE6o1RorBD6WwAUrOGPKPinx3PNrVsiy/rcbJv8=", "last_login": "2025-04-10T04:49:02.552Z", "is_superuser": false, "username": "dev21", "first_name": "", "last_name": "", "email": "dev21@gmail.com", "is_staff": false, "is_active": true, "date_joined": "2025-04-10T04:46:22.611Z", "groups": [], "user_permissions": []}}, {"model": "auth.user", "pk": 18, "fields": {"password": "pbkdf2_sha256$1000000$UnAYB2zgy48x6jgnlNzoSS$R2FyzQknY/TQXr4fMno6esoVbXaOiMjpBPB3HXWrFxQ=", "last_login": null, "is_superuser": false, "username": "user", "first_name": "", "last_name": "", "email": "user@gmail.com", "is_staff": false, "is_active": true, "date_joined": "2025-04-10T04:51:08.856Z", "groups": [], "user_permissions": []}}, {"model": "auth.user", "pk": 19, "fields": {"password": "pbkdf2_sha256$1000000$Pwh2Cf1UbnZqVAFVlx5yDn$NtOKagNy2yYVqsjy+uMqlCziT7LI64nwzS6s846QHiM=", "last_login": "2025-04-14T03:58:46.154Z", "is_superuser": false, "username": "dev123", "first_name": "", "last_name": "", "email": "dev123@gmail.com", "is_staff": false, "is_active": true, "date_joined": "2025-04-14T03:58:11.426Z", "groups": [], "user_permissions": []}}, {"model": "auth.user", "pk": 20, "fields": {"password": "pbkdf2_sha256$1000000$vBs82EZRoSTEL9Z81n2iHg$aVyuwNlF7GehtxYDaswcEVLRXavgyyEb94O6eG9v8NQ=", "last_login": "2025-04-23T18:25:01.289Z", "is_superuser": false, "username": "client", "first_name": "", "last_name": "", "email": "client@gmail.com", "is_staff": false, "is_active": true, "date_joined": "2025-04-14T14:06:47.511Z", "groups": [], "user_permissions": []}}, {"model": "auth.user", "pk": 21, "fields": {"password": "pbkdf2_sha256$1000000$AIJzTFuwjTipzY1kxoyBoZ$skkNLl8O3diWDZQGVRpxxq1KdGxgFqjKttdlNXct7ZM=", "last_login": "2025-04-23T18:27:24.586Z", "is_superuser": false, "username": "consultant", "first_name": "", "last_name": "", "email": "consultant@gmail.com", "is_staff": false, "is_active": true, "date_joined": "2025-04-14T14:22:33.236Z", "groups": [], "user_permissions": []}}, {"model": "auth.user", "pk": 22, "fields": {"password": "pbkdf2_sha256$1000000$C7XumS8uTP8IluPgcUJ2So$vDMEd3U096st2fFoOerA1sSu4O63VweHX7Rh4GfFcfw=", "last_login": "2025-04-15T16:18:18.665Z", "is_superuser": false, "username": "client11", "first_name": "", "last_name": "", "email": "client11@gmail.com", "is_staff": false, "is_active": true, "date_joined": "2025-04-15T16:12:31.519Z", "groups": [], "user_permissions": []}}, {"model": "auth.user", "pk": 23, "fields": {"password": "pbkdf2_sha256$1000000$hGcuIzrMLim8EmPBoAzujC$BgS17Uul8iSpFQUJq/i1nEd0m8DPkubCIxmxiQgdPQg=", "last_login": "2025-05-09T23:18:23.572Z", "is_superuser": false, "username": "user789", "first_name": "", "last_name": "", "email": "faisal.zafar@stackpinnacle.com", "is_staff": false, "is_active": true, "date_joined": "2025-05-09T23:16:34.823Z", "groups": [], "user_permissions": []}}, {"model": "contenttypes.contenttype", "pk": 1, "fields": {"app_label": "admin", "model": "logentry"}}, {"model": "contenttypes.contenttype", "pk": 2, "fields": {"app_label": "auth", "model": "permission"}}, {"model": "contenttypes.contenttype", "pk": 3, "fields": {"app_label": "auth", "model": "group"}}, {"model": "contenttypes.contenttype", "pk": 4, "fields": {"app_label": "auth", "model": "user"}}, {"model": "contenttypes.contenttype", "pk": 5, "fields": {"app_label": "contenttypes", "model": "contenttype"}}, {"model": "contenttypes.contenttype", "pk": 6, "fields": {"app_label": "sessions", "model": "session"}}, {"model": "contenttypes.contenttype", "pk": 7, "fields": {"app_label": "insights", "model": "recommendation"}}, {"model": "contenttypes.contenttype", "pk": 8, "fields": {"app_label": "insights", "model": "pillarscore"}}, {"model": "contenttypes.contenttype", "pk": 9, "fields": {"app_label": "insights", "model": "client"}}, {"model": "contenttypes.contenttype", "pk": 10, "fields": {"app_label": "insights", "model": "insight"}}, {"model": "contenttypes.contenttype", "pk": 11, "fields": {"app_label": "insights", "model": "assessment"}}, {"model": "contenttypes.contenttype", "pk": 12, "fields": {"app_label": "insights", "model": "userprofile"}}, {"model": "contenttypes.contenttype", "pk": 13, "fields": {"app_label": "insights", "model": "quote"}}, {"model": "contenttypes.contenttype", "pk": 14, "fields": {"app_label": "insights", "model": "dimensionscore"}}, {"model": "contenttypes.contenttype", "pk": 15, "fields": {"app_label": "insights", "model": "match"}}, {"model": "contenttypes.contenttype", "pk": 16, "fields": {"app_label": "insights", "model": "changemilestone"}}, {"model": "sessions.session", "pk": "4ciwyp7jtgtc4annlmmuvcz1q48k3g8u", "fields": {"session_data": ".eJxVjDsOwjAUBO_iGln-xD9Kes5g7ctzcAAlUpxUiLtDpBTQ7szsS2Rsa81bK0seWZyF7sTpdyT0jzLthO-YbrPs52ldRpK7Ig_a5HXm8rwc7t9BRavfulMgG1E8u2ARI3sE54I3yitK2lttlAuIzITUDQmgEg2gB8VsmcT7A_iQOFU:1tsxaD:gHStwT324bGNN2lJ-gUuZzjuFzTa0kXSSFEwOGorWNE", "expire_date": "2025-03-28T05:27:45.176Z"}}, {"model": "sessions.session", "pk": "4pxf3sv6clxil7d89hu3n98mk8rvp1wz", "fields": {"session_data": ".eJxVjDsOwjAQBe_iGll-8Sq2Kek5g7XObkgAOVI-FeLuECkFtG9m3stk3tYhb4vOeRRzNg3M6Xcs3D207kTuXG-T7aa6zmOxu2IPutjrJPq8HO7fwcDL8K09UaRELaQIPJBcCE595xLQsBJ6VRcJFKQFRYb2EYienbQaSMz7A8tKNtQ:1u7HdZ:K1zdtGygUo3oXYUInCj2hDj8TxJ2c2c6Hvd6l9011tY", "expire_date": "2025-05-06T17:42:25.451Z"}}, {"model": "sessions.session", "pk": "9pqbxde08kgmn6jq6lge73k0bdggc2th", "fields": {"session_data": ".eJxVjDsOwjAQBe_iGll-8Sq2Kek5g7XObkgAOVI-FeLuECkFtG9m3stk3tYhb4vOeRRzNg3M6Xcs3D207kTuXG-T7aa6zmOxu2IPutjrJPq8HO7fwcDL8K09UaRELaQIPJBcCE595xLQsBJ6VRcJFKQFRYb2EYienbQaSMz7A8tKNtQ:1u4LMN:uxpjnT34p1pSS2h8MjXp136q1DuAhGLS9k6KXkx6p1g", "expire_date": "2025-04-28T15:04:31.460Z"}}, {"model": "sessions.session", "pk": "eb6awqwgow2a1hd7qt7ytzntqr96ym12", "fields": {"session_data": ".eJxVjDsOwjAQBe_iGllh_VmZkp4zWGvvGgeQI8VJFXF3iJQC2jczb1OR1qXGtcscR1YXdVan3y1RfkrbAT-o3Sedp7bMY9K7og_a9W1ieV0P9--gUq_fGgxYC84iknhjTBFG63ggh2hKkZAwZQhYPJBzxRMDCEMJMEi2xqr3B8rzN6s:1u49oC:9WbMf6PCSMkbuYOnOq4-7ubgUZuUILPlNc7NBLQ6lGI", "expire_date": "2025-04-28T02:44:28.386Z"}}, {"model": "sessions.session", "pk": "hmaumbhmopp6cllck3yob1wedq97c8jv", "fields": {"session_data": ".eJxVjDsOwjAQBe_iGll-8Sq2Kek5g7XObkgAOVI-FeLuECkFtG9m3stk3tYhb4vOeRRzNg3M6Xcs3D207kTuXG-T7aa6zmOxu2IPutjrJPq8HO7fwcDL8K09UaRELaQIPJBcCE595xLQsBJ6VRcJFKQFRYb2EYienbQaSMz7A8tKNtQ:1u4PxT:QkLQoHk84mPvaD6BNSU5WW8Q_e6VcsIGA6z3LyNSawk", "expire_date": "2025-04-28T19:59:07.127Z"}}, {"model": "sessions.session", "pk": "ie33300dpjn4n7jkxl6io1ijc8qtymn9", "fields": {"session_data": ".eJxVjMsOwiAQRf-FtSFTOjDg0r3fQIYBbNXQpI-V8d-1SRe6veec-1KRt3WI21LmOGZ1VgbU6XdMLI_SdpLv3G6Tlqmt85j0ruiDLvo65fK8HO7fwcDL8K07Rxh8X5F6StV3tjcU2NUUMhQQYgARBLKmhmDQMTJ5RJRkxSdn1fsD3RA3JQ:1u7HdW:4ElfQ-2jYBl4mIGjHvpKWgu8l679FzhAnHFBpVlwoR0", "expire_date": "2025-05-06T17:42:22.020Z"}}, {"model": "sessions.session", "pk": "ivf8mw7ykyyxxhuuctto19cc34r414qq", "fields": {"session_data": ".eJxVjMsOwiAQRf-FtSEM5enSvd9ABhikaiAp7cr479qkC93ec859sYDbWsM2aAlzZmcmJTv9jhHTg9pO8h3brfPU27rMke8KP-jg157peTncv4OKo35rwuIsoDexTD5paYQAAAtEZItUImmMGoUjJEVCQgajnPaOoqRpUoq9PwjBN8Y:1u4izK:5jxGqNmU2C3adRTmXFRYs7Xlj8X-x3qiM7fmwMCnU_s", "expire_date": "2025-04-29T16:18:18.667Z"}}, {"model": "sessions.session", "pk": "iwhh5rlb0x4vv7fs1g4uluzfnrt1net8", "fields": {"session_data": ".eJxVjDsOwjAQBe_iGll-8Sq2Kek5g7XObkgAOVI-FeLuECkFtG9m3stk3tYhb4vOeRRzNg3M6Xcs3D207kTuXG-T7aa6zmOxu2IPutjrJPq8HO7fwcDL8K09UaRELaQIPJBcCE595xLQsBJ6VRcJFKQFRYb2EYienbQaSMz7A8tKNtQ:1u7eoe:tulLeNJoL3hC8icmjDEDnBOqt4RNqhQ2OhN7CI8rPPw", "expire_date": "2025-05-07T18:27:24.589Z"}}, {"model": "sessions.session", "pk": "om0uuy8ptez79zx24tw3bjd00jde0uo4", "fields": {"session_data": ".eJxVjMsOwiAQRf-FtSEFHKAu3fcbmplhkKqBpI-V8d-1SRe6veec-1IjbmsZt0XmcUrqoqxTp9-RkB9Sd5LuWG9Nc6vrPJHeFX3QRQ8tyfN6uH8HBZfyrYVCNj4nBoZO2IJA8L5Dl3qxnm2fgNChiTY6CuzO0UDsKINB3wci9f4AHNs4Ng:1uDWz1:CwwHSkdOQkKWrFEiSGT8AtFkAe03yYkGtCVLA-7SlBY", "expire_date": "2025-05-23T23:18:23.582Z"}}, {"model": "sessions.session", "pk": "vguf83m1f7wsiobas3djnjkq6a7elo3k", "fields": {"session_data": ".eJxVjMsOwiAQRf-FtSFTOjDg0r3fQIYBbNXQpI-V8d-1SRe6veec-1KRt3WI21LmOGZ1VgbU6XdMLI_SdpLv3G6Tlqmt85j0ruiDLvo65fK8HO7fwcDL8K07Rxh8X5F6StV3tjcU2NUUMhQQYgARBLKmhmDQMTJ5RJRkxSdn1fsD3RA3JQ:1u5BEe:rc-7bUYC0wGNITEGJ-agfC0DBbYXpho3EtZ-6CvuvJU", "expire_date": "2025-04-30T22:28:00.629Z"}}, {"model": "sessions.session", "pk": "zgdvgzbohmhplprk5xrwct03jt3b1avq", "fields": {"session_data": ".eJxVjMsOwiAQRf-FtSFTOjDg0r3fQIYBbNXQpI-V8d-1SRe6veec-1KRt3WI21LmOGZ1VgbU6XdMLI_SdpLv3G6Tlqmt85j0ruiDLvo65fK8HO7fwcDL8K07Rxh8X5F6StV3tjcU2NUUMhQQYgARBLKmhmDQMTJ5RJRkxSdn1fsD3RA3JQ:1u7bXa:uFsEVrLQUzEZjpx-uKaeoPYRHMv0oxGrLFRK7Lo4Ne0", "expire_date": "2025-05-07T14:57:34.020Z"}}, {"model": "insights.userprofile", "pk": 1, "fields": {"user": 1, "role": "consultant"}}, {"model": "insights.userprofile", "pk": 13, "fields": {"user": 13, "role": "client"}}, {"model": "insights.userprofile", "pk": 14, "fields": {"user": 14, "role": "client"}}, {"model": "insights.userprofile", "pk": 15, "fields": {"user": 15, "role": "consultant"}}, {"model": "insights.userprofile", "pk": 16, "fields": {"user": 16, "role": "consultant"}}, {"model": "insights.userprofile", "pk": 17, "fields": {"user": 17, "role": "client"}}, {"model": "insights.userprofile", "pk": 18, "fields": {"user": 18, "role": "consultant"}}, {"model": "insights.userprofile", "pk": 19, "fields": {"user": 19, "role": "client"}}, {"model": "insights.userprofile", "pk": 20, "fields": {"user": 20, "role": "client"}}, {"model": "insights.userprofile", "pk": 21, "fields": {"user": 21, "role": "consultant"}}, {"model": "insights.userprofile", "pk": 22, "fields": {"user": 22, "role": "client"}}, {"model": "insights.userprofile", "pk": 23, "fields": {"user": 23, "role": "client"}}, {"model": "insights.client", "pk": 1, "fields": {"user": 14, "name": "dev11's Company", "industry": ""}}, {"model": "insights.client", "pk": 2, "fields": {"user": 19, "name": "dev123's Company", "industry": ""}}, {"model": "insights.client", "pk": 3, "fields": {"user": 20, "name": "client's Company", "industry": ""}}, {"model": "insights.client", "pk": 4, "fields": {"user": 22, "name": "client11", "industry": ""}}, {"model": "insights.client", "pk": 5, "fields": {"user": 23, "name": "user789", "industry": ""}}, {"model": "insights.assessment", "pk": 1, "fields": {"client": 1, "type": "interview", "stage": "completed", "maturity_level": "Emerging", "strategy_score": 20.0, "execution_score": 15.0, "total_score": 17.5, "created_at": "2025-04-10T14:29:48.775Z"}}, {"model": "insights.assessment", "pk": 2, "fields": {"client": 1, "type": "interview", "stage": "completed", "maturity_level": "Emerging", "strategy_score": 20.0, "execution_score": 15.0, "total_score": 17.5, "created_at": "2025-04-10T14:35:23.683Z"}}, {"model": "insights.assessment", "pk": 3, "fields": {"client": 1, "type": "interview", "stage": "completed", "maturity_level": "Emerging", "strategy_score": 20.0, "execution_score": 15.0, "total_score": 17.5, "created_at": "2025-04-10T14:36:26.354Z"}}, {"model": "insights.assessment", "pk": 4, "fields": {"client": 1, "type": "interview", "stage": "completed", "maturity_level": "Emerging", "strategy_score": 20.0, "execution_score": 15.0, "total_score": 17.5, "created_at": "2025-04-10T14:41:26.375Z"}}, {"model": "insights.assessment", "pk": 5, "fields": {"client": 1, "type": "interview", "stage": "completed", "maturity_level": "Emerging", "strategy_score": 20.0, "execution_score": 15.0, "total_score": 17.5, "created_at": "2025-04-10T14:45:35.552Z"}}, {"model": "insights.assessment", "pk": 6, "fields": {"client": 1, "type": "interview", "stage": "completed", "maturity_level": "Emerging", "strategy_score": 20.0, "execution_score": 15.0, "total_score": 17.5, "created_at": "2025-04-10T14:59:26.239Z"}}, {"model": "insights.assessment", "pk": 7, "fields": {"client": 1, "type": "interview", "stage": "completed", "maturity_level": "Tactical", "strategy_score": 40.0, "execution_score": 50.0, "total_score": 45.0, "created_at": "2025-04-10T16:25:48.166Z"}}, {"model": "insights.assessment", "pk": 8, "fields": {"client": 1, "type": "interview", "stage": "completed", "maturity_level": "Emerging", "strategy_score": 20.0, "execution_score": 15.0, "total_score": 17.5, "created_at": "2025-04-10T17:09:33.285Z"}}, {"model": "insights.assessment", "pk": 9, "fields": {"client": 1, "type": "interview", "stage": "completed", "maturity_level": "Emerging", "strategy_score": 20.0, "execution_score": 15.0, "total_score": 17.5, "created_at": "2025-04-10T17:44:03.445Z"}}, {"model": "insights.assessment", "pk": 10, "fields": {"client": 1, "type": "interview", "stage": "completed", "maturity_level": "Tactical", "strategy_score": 40.0, "execution_score": 70.0, "total_score": 55.0, "created_at": "2025-04-10T17:47:12.270Z"}}, {"model": "insights.assessment", "pk": 11, "fields": {"client": 1, "type": "interview", "stage": "completed", "maturity_level": "Emerging", "strategy_score": 20.0, "execution_score": 15.0, "total_score": 17.5, "created_at": "2025-04-11T15:15:38.430Z"}}, {"model": "insights.assessment", "pk": 12, "fields": {"client": 1, "type": "interview", "stage": "completed", "maturity_level": "Emerging", "strategy_score": 20.0, "execution_score": 15.0, "total_score": 17.5, "created_at": "2025-04-11T15:16:11.166Z"}}, {"model": "insights.assessment", "pk": 13, "fields": {"client": 1, "type": "interview", "stage": "completed", "maturity_level": "Emerging", "strategy_score": 20.0, "execution_score": 15.0, "total_score": 17.5, "created_at": "2025-04-11T15:17:16.960Z"}}, {"model": "insights.assessment", "pk": 14, "fields": {"client": 1, "type": "interview", "stage": "completed", "maturity_level": "Emerging", "strategy_score": 20.0, "execution_score": 15.0, "total_score": 17.5, "created_at": "2025-04-11T15:17:53.404Z"}}, {"model": "insights.assessment", "pk": 15, "fields": {"client": 1, "type": "interview", "stage": "completed", "maturity_level": "Emerging", "strategy_score": 20.0, "execution_score": 15.0, "total_score": 17.5, "created_at": "2025-04-11T15:34:48.089Z"}}, {"model": "insights.assessment", "pk": 16, "fields": {"client": 1, "type": "interview", "stage": "completed", "maturity_level": "Emerging", "strategy_score": 20.0, "execution_score": 15.0, "total_score": 17.5, "created_at": "2025-04-11T16:02:46.561Z"}}, {"model": "insights.assessment", "pk": 17, "fields": {"client": 1, "type": "interview", "stage": "completed", "maturity_level": "Emerging", "strategy_score": 20.0, "execution_score": 15.0, "total_score": 17.5, "created_at": "2025-04-11T16:15:35.222Z"}}, {"model": "insights.assessment", "pk": 18, "fields": {"client": 1, "type": "interview", "stage": "completed", "maturity_level": "Emerging", "strategy_score": 20.0, "execution_score": 20.0, "total_score": 20.0, "created_at": "2025-04-11T16:16:21.528Z"}}, {"model": "insights.assessment", "pk": 19, "fields": {"client": 1, "type": "interview", "stage": "completed", "maturity_level": "Emerging", "strategy_score": 20.0, "execution_score": 15.0, "total_score": 17.5, "created_at": "2025-04-11T16:18:32.786Z"}}, {"model": "insights.assessment", "pk": 20, "fields": {"client": 1, "type": "interview", "stage": "completed", "maturity_level": "Emerging", "strategy_score": 20.0, "execution_score": 15.0, "total_score": 17.5, "created_at": "2025-04-11T16:33:19.894Z"}}, {"model": "insights.assessment", "pk": 21, "fields": {"client": 1, "type": "interview", "stage": "completed", "maturity_level": "Emerging", "strategy_score": 20.0, "execution_score": 15.0, "total_score": 17.5, "created_at": "2025-04-14T03:16:50.247Z"}}, {"model": "insights.assessment", "pk": 22, "fields": {"client": 1, "type": "interview", "stage": "completed", "maturity_level": "Emerging", "strategy_score": 20.0, "execution_score": 15.0, "total_score": 17.5, "created_at": "2025-04-14T03:24:41.806Z"}}, {"model": "insights.assessment", "pk": 23, "fields": {"client": 1, "type": "interview", "stage": "completed", "maturity_level": "Emerging", "strategy_score": 20.0, "execution_score": 15.0, "total_score": 17.5, "created_at": "2025-04-14T03:26:24.614Z"}}, {"model": "insights.assessment", "pk": 24, "fields": {"client": 1, "type": "interview", "stage": "completed", "maturity_level": "Emerging", "strategy_score": 20.0, "execution_score": 15.0, "total_score": 17.5, "created_at": "2025-04-14T03:27:27.793Z"}}, {"model": "insights.assessment", "pk": 25, "fields": {"client": 1, "type": "interview", "stage": "completed", "maturity_level": "Emerging", "strategy_score": 20.0, "execution_score": 15.0, "total_score": 17.5, "created_at": "2025-04-14T03:28:23.431Z"}}, {"model": "insights.assessment", "pk": 26, "fields": {"client": 1, "type": "interview", "stage": "completed", "maturity_level": "Emerging", "strategy_score": 20.0, "execution_score": 20.0, "total_score": 20.0, "created_at": "2025-04-14T03:33:21.295Z"}}, {"model": "insights.assessment", "pk": 27, "fields": {"client": 2, "type": "interview", "stage": "completed", "maturity_level": "Emerging", "strategy_score": 20.0, "execution_score": 15.0, "total_score": 17.5, "created_at": "2025-04-14T04:02:05.323Z"}}, {"model": "insights.assessment", "pk": 28, "fields": {"client": 1, "type": "interview", "stage": "completed", "maturity_level": "Emerging", "strategy_score": 20.0, "execution_score": 15.0, "total_score": 17.5, "created_at": "2025-04-14T05:30:34.129Z"}}, {"model": "insights.assessment", "pk": 29, "fields": {"client": 3, "type": "interview", "stage": "completed", "maturity_level": "Emerging", "strategy_score": 20.0, "execution_score": 15.0, "total_score": 17.5, "created_at": "2025-04-14T14:07:58.224Z"}}, {"model": "insights.assessment", "pk": 30, "fields": {"client": 3, "type": "interview", "stage": "completed", "maturity_level": "Tactical", "strategy_score": 40.0, "execution_score": 70.0, "total_score": 55.0, "created_at": "2025-04-14T14:14:41.681Z"}}, {"model": "insights.assessment", "pk": 31, "fields": {"client": 3, "type": "interview", "stage": "completed", "maturity_level": "Emerging", "strategy_score": 40.0, "execution_score": 42.0, "total_score": 41.0, "created_at": "2025-04-14T14:16:42.893Z"}}, {"model": "insights.assessment", "pk": 32, "fields": {"client": 3, "type": "interview", "stage": "completed", "maturity_level": "Tactical", "strategy_score": 40.0, "execution_score": 50.0, "total_score": 45.0, "created_at": "2025-04-14T14:17:20.334Z"}}, {"model": "insights.assessment", "pk": 33, "fields": {"client": 3, "type": "interview", "stage": "completed", "maturity_level": "Tactical", "strategy_score": 40.0, "execution_score": 70.0, "total_score": 55.0, "created_at": "2025-04-14T14:19:05.651Z"}}, {"model": "insights.assessment", "pk": 34, "fields": {"client": 3, "type": "interview", "stage": "completed", "maturity_level": "Tactical", "strategy_score": 40.0, "execution_score": 50.0, "total_score": 45.0, "created_at": "2025-04-14T14:19:59.039Z"}}, {"model": "insights.assessment", "pk": 35, "fields": {"client": 3, "type": "interview", "stage": "completed", "maturity_level": "Tactical", "strategy_score": 40.0, "execution_score": 50.0, "total_score": 45.0, "created_at": "2025-04-14T15:02:10.881Z"}}, {"model": "insights.assessment", "pk": 36, "fields": {"client": 3, "type": "interview", "stage": "completed", "maturity_level": "Tactical", "strategy_score": 40.0, "execution_score": 70.0, "total_score": 55.0, "created_at": "2025-04-14T19:58:16.486Z"}}, {"model": "insights.assessment", "pk": 37, "fields": {"client": 3, "type": "interview", "stage": "completed", "maturity_level": "Emerging", "strategy_score": 0.0, "execution_score": 0.0, "total_score": 0.0, "created_at": "2025-04-15T14:11:58.485Z"}}, {"model": "insights.assessment", "pk": 38, "fields": {"client": 3, "type": "interview", "stage": "completed", "maturity_level": "Emerging", "strategy_score": 0.0, "execution_score": 0.0, "total_score": 0.0, "created_at": "2025-04-15T14:12:08.569Z"}}, {"model": "insights.assessment", "pk": 39, "fields": {"client": 3, "type": "interview", "stage": "completed", "maturity_level": "Emerging", "strategy_score": 0.0, "execution_score": 0.0, "total_score": 0.0, "created_at": "2025-04-15T14:12:23.817Z"}}, {"model": "insights.assessment", "pk": 40, "fields": {"client": 3, "type": "interview", "stage": "completed", "maturity_level": "Emerging", "strategy_score": 0.0, "execution_score": 0.0, "total_score": 0.0, "created_at": "2025-04-15T14:13:09.976Z"}}, {"model": "insights.assessment", "pk": 41, "fields": {"client": 3, "type": "interview", "stage": "completed", "maturity_level": "Emerging", "strategy_score": 20.0, "execution_score": 15.0, "total_score": 17.5, "created_at": "2025-04-15T14:13:35.468Z"}}, {"model": "insights.assessment", "pk": 42, "fields": {"client": 3, "type": "interview", "stage": "completed", "maturity_level": "Emerging", "strategy_score": 0.0, "execution_score": 0.0, "total_score": 0.0, "created_at": "2025-04-15T14:13:49.200Z"}}, {"model": "insights.assessment", "pk": 43, "fields": {"client": 3, "type": "interview", "stage": "completed", "maturity_level": "Emerging", "strategy_score": 0.0, "execution_score": 0.0, "total_score": 0.0, "created_at": "2025-04-15T14:14:02.594Z"}}, {"model": "insights.assessment", "pk": 44, "fields": {"client": 3, "type": "interview", "stage": "completed", "maturity_level": "Emerging", "strategy_score": 25.0, "execution_score": 20.0, "total_score": 22.5, "created_at": "2025-04-15T14:19:59.590Z"}}, {"model": "insights.assessment", "pk": 45, "fields": {"client": 3, "type": "interview", "stage": "completed", "maturity_level": "Emerging", "strategy_score": 25.0, "execution_score": 20.0, "total_score": 22.5, "created_at": "2025-04-15T14:20:20.542Z"}}, {"model": "insights.assessment", "pk": 46, "fields": {"client": 3, "type": "interview", "stage": "completed", "maturity_level": "Emerging", "strategy_score": 25.0, "execution_score": -45.0, "total_score": -10.0, "created_at": "2025-04-15T14:22:29.941Z"}}, {"model": "insights.assessment", "pk": 47, "fields": {"client": 3, "type": "interview", "stage": "completed", "maturity_level": "Emerging", "strategy_score": 0.0, "execution_score": 45.0, "total_score": 22.5, "created_at": "2025-04-15T14:24:57.956Z"}}, {"model": "insights.assessment", "pk": 48, "fields": {"client": 3, "type": "interview", "stage": "completed", "maturity_level": "Emerging", "strategy_score": 40.0, "execution_score": -20.0, "total_score": 10.0, "created_at": "2025-04-15T14:25:46.308Z"}}, {"model": "insights.assessment", "pk": 49, "fields": {"client": 1, "type": "interview", "stage": "completed", "maturity_level": "Emerging", "strategy_score": 40.0, "execution_score": 20.0, "total_score": 30.0, "created_at": "2025-04-15T14:26:37.132Z"}}, {"model": "insights.assessment", "pk": 50, "fields": {"client": 1, "type": "interview", "stage": "completed", "maturity_level": "Tactical", "strategy_score": 40.0, "execution_score": 70.0, "total_score": 55.0, "created_at": "2025-04-15T14:27:39.800Z"}}, {"model": "insights.assessment", "pk": 51, "fields": {"client": 1, "type": "interview", "stage": "completed", "maturity_level": "Emerging", "strategy_score": 20.0, "execution_score": 45.0, "total_score": 32.5, "created_at": "2025-04-15T14:29:10.592Z"}}, {"model": "insights.assessment", "pk": 52, "fields": {"client": 1, "type": "interview", "stage": "completed", "maturity_level": "Strategic", "strategy_score": 50.0, "execution_score": 25.0, "total_score": 37.5, "created_at": "2025-04-15T14:29:36.715Z"}}, {"model": "insights.assessment", "pk": 53, "fields": {"client": 1, "type": "interview", "stage": "completed", "maturity_level": "Emerging", "strategy_score": 0.0, "execution_score": 20.0, "total_score": 10.0, "created_at": "2025-04-15T14:33:25.625Z"}}, {"model": "insights.assessment", "pk": 54, "fields": {"client": 1, "type": "interview", "stage": "completed", "maturity_level": "Strategic", "strategy_score": 65.0, "execution_score": 35.0, "total_score": 50.0, "created_at": "2025-04-15T14:35:16.460Z"}}, {"model": "insights.assessment", "pk": 55, "fields": {"client": 1, "type": "interview", "stage": "completed", "maturity_level": "Tactical", "strategy_score": 22.0, "execution_score": 65.0, "total_score": 43.5, "created_at": "2025-04-15T14:36:45.043Z"}}, {"model": "insights.assessment", "pk": 56, "fields": {"client": 1, "type": "interview", "stage": "completed", "maturity_level": "Tactical", "strategy_score": 20.0, "execution_score": 65.0, "total_score": 42.5, "created_at": "2025-04-15T14:38:01.702Z"}}, {"model": "insights.assessment", "pk": 57, "fields": {"client": 1, "type": "interview", "stage": "completed", "maturity_level": "Emerging", "strategy_score": 0.0, "execution_score": 0.0, "total_score": 0.0, "created_at": "2025-04-15T14:39:25.500Z"}}, {"model": "insights.assessment", "pk": 58, "fields": {"client": 1, "type": "interview", "stage": "completed", "maturity_level": "Emerging", "strategy_score": 0.0, "execution_score": 0.0, "total_score": 0.0, "created_at": "2025-04-15T14:39:53.701Z"}}, {"model": "insights.assessment", "pk": 59, "fields": {"client": 1, "type": "interview", "stage": "completed", "maturity_level": "Transformational", "strategy_score": 70.0, "execution_score": 60.0, "total_score": 65.0, "created_at": "2025-04-15T14:42:44.009Z"}}, {"model": "insights.assessment", "pk": 60, "fields": {"client": 4, "type": "interview", "stage": "completed", "maturity_level": "Transformational", "strategy_score": 70.0, "execution_score": 60.0, "total_score": 65.0, "created_at": "2025-04-15T16:18:46.238Z"}}, {"model": "insights.assessment", "pk": 61, "fields": {"client": 3, "type": "interview", "stage": "completed", "maturity_level": "Emerging", "strategy_score": 20.0, "execution_score": 15.0, "total_score": 17.5, "created_at": "2025-04-22T02:04:35.712Z"}}, {"model": "insights.assessment", "pk": 62, "fields": {"client": 3, "type": "interview", "stage": "completed", "maturity_level": "Strategic", "strategy_score": 50.0, "execution_score": 25.0, "total_score": 37.5, "created_at": "2025-04-22T17:42:46.867Z"}}, {"model": "insights.assessment", "pk": 63, "fields": {"client": 5, "type": "interview", "stage": "completed", "maturity_level": "Strategic", "strategy_score": 50.0, "execution_score": 25.0, "total_score": 37.5, "created_at": "2025-05-09T23:32:43.111Z"}}, {"model": "insights.assessment", "pk": 64, "fields": {"client": 5, "type": "interview", "stage": "completed", "maturity_level": "Strategic", "strategy_score": 50.0, "execution_score": 25.0, "total_score": 37.5, "created_at": "2025-05-09T23:39:09.352Z"}}, {"model": "insights.assessment", "pk": 65, "fields": {"client": 5, "type": "interview", "stage": "completed", "maturity_level": "Strategic", "strategy_score": 50.0, "execution_score": 25.0, "total_score": 37.5, "created_at": "2025-05-09T23:54:20.005Z"}}, {"model": "insights.pillarscore", "pk": 1, "fields": {"assessment": 4, "pillar": "Consultation", "score": 20.0}}, {"model": "insights.pillarscore", "pk": 2, "fields": {"assessment": 4, "pillar": "Communication", "score": 10.0}}, {"model": "insights.pillarscore", "pk": 3, "fields": {"assessment": 4, "pillar": "Ethical Practice", "score": 5.0}}, {"model": "insights.pillarscore", "pk": 4, "fields": {"assessment": 5, "pillar": "Consultation", "score": 20.0}}, {"model": "insights.pillarscore", "pk": 5, "fields": {"assessment": 5, "pillar": "Communication", "score": 10.0}}, {"model": "insights.pillarscore", "pk": 6, "fields": {"assessment": 5, "pillar": "Ethical Practice", "score": 5.0}}, {"model": "insights.pillarscore", "pk": 7, "fields": {"assessment": 6, "pillar": "Consultation", "score": 20.0}}, {"model": "insights.pillarscore", "pk": 8, "fields": {"assessment": 6, "pillar": "Communication", "score": 10.0}}, {"model": "insights.pillarscore", "pk": 9, "fields": {"assessment": 6, "pillar": "Ethical Practice", "score": 5.0}}, {"model": "insights.pillarscore", "pk": 10, "fields": {"assessment": 7, "pillar": "HR Expertise", "score": -10.0}}, {"model": "insights.pillarscore", "pk": 11, "fields": {"assessment": 7, "pillar": "Communication", "score": 60.0}}, {"model": "insights.pillarscore", "pk": 12, "fields": {"assessment": 7, "pillar": "Leadership & Navigation", "score": 40.0}}, {"model": "insights.pillarscore", "pk": 13, "fields": {"assessment": 8, "pillar": "Consultation", "score": 20.0}}, {"model": "insights.pillarscore", "pk": 14, "fields": {"assessment": 8, "pillar": "Communication", "score": 10.0}}, {"model": "insights.pillarscore", "pk": 15, "fields": {"assessment": 8, "pillar": "Ethical Practice", "score": 5.0}}, {"model": "insights.pillarscore", "pk": 16, "fields": {"assessment": 9, "pillar": "Consultation", "score": 20.0}}, {"model": "insights.pillarscore", "pk": 17, "fields": {"assessment": 9, "pillar": "Communication", "score": 10.0}}, {"model": "insights.pillarscore", "pk": 18, "fields": {"assessment": 9, "pillar": "Ethical Practice", "score": 5.0}}, {"model": "insights.pillarscore", "pk": 19, "fields": {"assessment": 10, "pillar": "HR Expertise", "score": 10.0}}, {"model": "insights.pillarscore", "pk": 20, "fields": {"assessment": 10, "pillar": "Communication", "score": 60.0}}, {"model": "insights.pillarscore", "pk": 21, "fields": {"assessment": 10, "pillar": "Leadership & Navigation", "score": 40.0}}, {"model": "insights.pillarscore", "pk": 22, "fields": {"assessment": 11, "pillar": "Consultation", "score": 20.0}}, {"model": "insights.pillarscore", "pk": 23, "fields": {"assessment": 11, "pillar": "Communication", "score": 10.0}}, {"model": "insights.pillarscore", "pk": 24, "fields": {"assessment": 11, "pillar": "Ethical Practice", "score": 5.0}}, {"model": "insights.pillarscore", "pk": 25, "fields": {"assessment": 12, "pillar": "Consultation", "score": 20.0}}, {"model": "insights.pillarscore", "pk": 26, "fields": {"assessment": 12, "pillar": "Communication", "score": 10.0}}, {"model": "insights.pillarscore", "pk": 27, "fields": {"assessment": 12, "pillar": "Ethical Practice", "score": 5.0}}, {"model": "insights.pillarscore", "pk": 28, "fields": {"assessment": 13, "pillar": "Consultation", "score": 20.0}}, {"model": "insights.pillarscore", "pk": 29, "fields": {"assessment": 13, "pillar": "Communication", "score": 10.0}}, {"model": "insights.pillarscore", "pk": 30, "fields": {"assessment": 13, "pillar": "Ethical Practice", "score": 5.0}}, {"model": "insights.pillarscore", "pk": 31, "fields": {"assessment": 14, "pillar": "Consultation", "score": 20.0}}, {"model": "insights.pillarscore", "pk": 32, "fields": {"assessment": 14, "pillar": "Communication", "score": 10.0}}, {"model": "insights.pillarscore", "pk": 33, "fields": {"assessment": 14, "pillar": "Ethical Practice", "score": 5.0}}, {"model": "insights.pillarscore", "pk": 34, "fields": {"assessment": 15, "pillar": "Consultation", "score": 20.0}}, {"model": "insights.pillarscore", "pk": 35, "fields": {"assessment": 15, "pillar": "Communication", "score": 10.0}}, {"model": "insights.pillarscore", "pk": 36, "fields": {"assessment": 15, "pillar": "Ethical Practice", "score": 5.0}}, {"model": "insights.pillarscore", "pk": 37, "fields": {"assessment": 16, "pillar": "Consultation", "score": 20.0}}, {"model": "insights.pillarscore", "pk": 38, "fields": {"assessment": 16, "pillar": "Communication", "score": 10.0}}, {"model": "insights.pillarscore", "pk": 39, "fields": {"assessment": 16, "pillar": "Ethical Practice", "score": 5.0}}, {"model": "insights.pillarscore", "pk": 40, "fields": {"assessment": 17, "pillar": "Consultation", "score": 20.0}}, {"model": "insights.pillarscore", "pk": 41, "fields": {"assessment": 17, "pillar": "Communication", "score": 10.0}}, {"model": "insights.pillarscore", "pk": 42, "fields": {"assessment": 17, "pillar": "Ethical Practice", "score": 5.0}}, {"model": "insights.pillarscore", "pk": 43, "fields": {"assessment": 18, "pillar": "Consultation", "score": 20.0}}, {"model": "insights.pillarscore", "pk": 44, "fields": {"assessment": 18, "pillar": "Communication", "score": 10.0}}, {"model": "insights.pillarscore", "pk": 45, "fields": {"assessment": 18, "pillar": "Ethical Practice", "score": 10.0}}, {"model": "insights.pillarscore", "pk": 46, "fields": {"assessment": 19, "pillar": "Consultation", "score": 20.0}}, {"model": "insights.pillarscore", "pk": 47, "fields": {"assessment": 19, "pillar": "Communication", "score": 10.0}}, {"model": "insights.pillarscore", "pk": 48, "fields": {"assessment": 19, "pillar": "Ethical Practice", "score": 5.0}}, {"model": "insights.pillarscore", "pk": 49, "fields": {"assessment": 20, "pillar": "Consultation", "score": 20.0}}, {"model": "insights.pillarscore", "pk": 50, "fields": {"assessment": 20, "pillar": "Communication", "score": 10.0}}, {"model": "insights.pillarscore", "pk": 51, "fields": {"assessment": 20, "pillar": "Ethical Practice", "score": 5.0}}, {"model": "insights.pillarscore", "pk": 52, "fields": {"assessment": 21, "pillar": "Consultation", "score": 20.0}}, {"model": "insights.pillarscore", "pk": 53, "fields": {"assessment": 21, "pillar": "Communication", "score": 10.0}}, {"model": "insights.pillarscore", "pk": 54, "fields": {"assessment": 21, "pillar": "Ethical Practice", "score": 5.0}}, {"model": "insights.pillarscore", "pk": 55, "fields": {"assessment": 22, "pillar": "Consultation", "score": 20.0}}, {"model": "insights.pillarscore", "pk": 56, "fields": {"assessment": 22, "pillar": "Communication", "score": 10.0}}, {"model": "insights.pillarscore", "pk": 57, "fields": {"assessment": 22, "pillar": "Ethical Practice", "score": 5.0}}, {"model": "insights.pillarscore", "pk": 58, "fields": {"assessment": 23, "pillar": "Consultation", "score": 20.0}}, {"model": "insights.pillarscore", "pk": 59, "fields": {"assessment": 23, "pillar": "Communication", "score": 10.0}}, {"model": "insights.pillarscore", "pk": 60, "fields": {"assessment": 23, "pillar": "Ethical Practice", "score": 5.0}}, {"model": "insights.pillarscore", "pk": 61, "fields": {"assessment": 24, "pillar": "Consultation", "score": 20.0}}, {"model": "insights.pillarscore", "pk": 62, "fields": {"assessment": 24, "pillar": "Communication", "score": 10.0}}, {"model": "insights.pillarscore", "pk": 63, "fields": {"assessment": 24, "pillar": "Ethical Practice", "score": 5.0}}, {"model": "insights.pillarscore", "pk": 64, "fields": {"assessment": 25, "pillar": "Consultation", "score": 20.0}}, {"model": "insights.pillarscore", "pk": 65, "fields": {"assessment": 25, "pillar": "Communication", "score": 10.0}}, {"model": "insights.pillarscore", "pk": 66, "fields": {"assessment": 25, "pillar": "Ethical Practice", "score": 5.0}}, {"model": "insights.pillarscore", "pk": 67, "fields": {"assessment": 26, "pillar": "Consultation", "score": 20.0}}, {"model": "insights.pillarscore", "pk": 68, "fields": {"assessment": 26, "pillar": "Communication", "score": 10.0}}, {"model": "insights.pillarscore", "pk": 69, "fields": {"assessment": 26, "pillar": "Ethical Practice", "score": 10.0}}, {"model": "insights.pillarscore", "pk": 70, "fields": {"assessment": 27, "pillar": "Consultation", "score": 20.0}}, {"model": "insights.pillarscore", "pk": 71, "fields": {"assessment": 27, "pillar": "Communication", "score": 10.0}}, {"model": "insights.pillarscore", "pk": 72, "fields": {"assessment": 27, "pillar": "Ethical Practice", "score": 5.0}}, {"model": "insights.pillarscore", "pk": 73, "fields": {"assessment": 28, "pillar": "Consultation", "score": 20.0}}, {"model": "insights.pillarscore", "pk": 74, "fields": {"assessment": 28, "pillar": "Communication", "score": 10.0}}, {"model": "insights.pillarscore", "pk": 75, "fields": {"assessment": 28, "pillar": "Ethical Practice", "score": 5.0}}, {"model": "insights.pillarscore", "pk": 76, "fields": {"assessment": 29, "pillar": "Consultation", "score": 20.0}}, {"model": "insights.pillarscore", "pk": 77, "fields": {"assessment": 29, "pillar": "Communication", "score": 10.0}}, {"model": "insights.pillarscore", "pk": 78, "fields": {"assessment": 29, "pillar": "Ethical Practice", "score": 5.0}}, {"model": "insights.pillarscore", "pk": 79, "fields": {"assessment": 30, "pillar": "HR Expertise", "score": 10.0}}, {"model": "insights.pillarscore", "pk": 80, "fields": {"assessment": 30, "pillar": "Communication", "score": 60.0}}, {"model": "insights.pillarscore", "pk": 81, "fields": {"assessment": 30, "pillar": "Leadership & Navigation", "score": 40.0}}, {"model": "insights.pillarscore", "pk": 82, "fields": {"assessment": 31, "pillar": "HR Expertise", "score": -16.0}}, {"model": "insights.pillarscore", "pk": 83, "fields": {"assessment": 31, "pillar": "Communication", "score": 58.0}}, {"model": "insights.pillarscore", "pk": 84, "fields": {"assessment": 31, "pillar": "Leadership & Navigation", "score": 40.0}}, {"model": "insights.pillarscore", "pk": 85, "fields": {"assessment": 32, "pillar": "HR Expertise", "score": -10.0}}, {"model": "insights.pillarscore", "pk": 86, "fields": {"assessment": 32, "pillar": "Communication", "score": 60.0}}, {"model": "insights.pillarscore", "pk": 87, "fields": {"assessment": 32, "pillar": "Leadership & Navigation", "score": 40.0}}, {"model": "insights.pillarscore", "pk": 88, "fields": {"assessment": 33, "pillar": "HR Expertise", "score": 10.0}}, {"model": "insights.pillarscore", "pk": 89, "fields": {"assessment": 33, "pillar": "Communication", "score": 60.0}}, {"model": "insights.pillarscore", "pk": 90, "fields": {"assessment": 33, "pillar": "Leadership & Navigation", "score": 40.0}}, {"model": "insights.pillarscore", "pk": 91, "fields": {"assessment": 34, "pillar": "HR Expertise", "score": -10.0}}, {"model": "insights.pillarscore", "pk": 92, "fields": {"assessment": 34, "pillar": "Communication", "score": 60.0}}, {"model": "insights.pillarscore", "pk": 93, "fields": {"assessment": 34, "pillar": "Leadership & Navigation", "score": 40.0}}, {"model": "insights.pillarscore", "pk": 94, "fields": {"assessment": 35, "pillar": "HR Expertise", "score": -10.0}}, {"model": "insights.pillarscore", "pk": 95, "fields": {"assessment": 35, "pillar": "Communication", "score": 60.0}}, {"model": "insights.pillarscore", "pk": 96, "fields": {"assessment": 35, "pillar": "Leadership & Navigation", "score": 40.0}}, {"model": "insights.pillarscore", "pk": 97, "fields": {"assessment": 36, "pillar": "HR Expertise", "score": 10.0}}, {"model": "insights.pillarscore", "pk": 98, "fields": {"assessment": 36, "pillar": "Communication", "score": 60.0}}, {"model": "insights.pillarscore", "pk": 99, "fields": {"assessment": 36, "pillar": "Leadership & Navigation", "score": 40.0}}, {"model": "insights.pillarscore", "pk": 100, "fields": {"assessment": 41, "pillar": "Consultation", "score": 20.0}}, {"model": "insights.pillarscore", "pk": 101, "fields": {"assessment": 41, "pillar": "Communication", "score": 10.0}}, {"model": "insights.pillarscore", "pk": 102, "fields": {"assessment": 41, "pillar": "Ethical Practice", "score": 5.0}}, {"model": "insights.pillarscore", "pk": 103, "fields": {"assessment": 44, "pillar": "Strategic Thinking", "score": 25.0}}, {"model": "insights.pillarscore", "pk": 104, "fields": {"assessment": 44, "pillar": "Execution Excellence", "score": 20.0}}, {"model": "insights.pillarscore", "pk": 105, "fields": {"assessment": 45, "pillar": "Strategic Thinking", "score": 25.0}}, {"model": "insights.pillarscore", "pk": 106, "fields": {"assessment": 45, "pillar": "Execution Excellence", "score": 20.0}}, {"model": "insights.pillarscore", "pk": 107, "fields": {"assessment": 46, "pillar": "HR Expertise", "score": -20.0}}, {"model": "insights.pillarscore", "pk": 108, "fields": {"assessment": 46, "pillar": "Critical Evaluation", "score": 10.0}}, {"model": "insights.pillarscore", "pk": 109, "fields": {"assessment": 46, "pillar": "Strategic Thinking", "score": 15.0}}, {"model": "insights.pillarscore", "pk": 110, "fields": {"assessment": 46, "pillar": "Execution Excellence", "score": -25.0}}, {"model": "insights.pillarscore", "pk": 111, "fields": {"assessment": 47, "pillar": "Strategic Thinking", "score": -20.0}}, {"model": "insights.pillarscore", "pk": 112, "fields": {"assessment": 47, "pillar": "Execution Excellence", "score": 45.0}}, {"model": "insights.pillarscore", "pk": 113, "fields": {"assessment": 47, "pillar": "Influence and Collaboration", "score": 20.0}}, {"model": "insights.pillarscore", "pk": 114, "fields": {"assessment": 48, "pillar": "Critical Evaluation", "score": 15.0}}, {"model": "insights.pillarscore", "pk": 115, "fields": {"assessment": 48, "pillar": "Strategic Thinking", "score": 25.0}}, {"model": "insights.pillarscore", "pk": 116, "fields": {"assessment": 48, "pillar": "Execution Excellence", "score": -20.0}}, {"model": "insights.pillarscore", "pk": 117, "fields": {"assessment": 49, "pillar": "Critical Evaluation", "score": 10.0}}, {"model": "insights.pillarscore", "pk": 118, "fields": {"assessment": 49, "pillar": "Strategic Thinking", "score": 15.0}}, {"model": "insights.pillarscore", "pk": 119, "fields": {"assessment": 49, "pillar": "Execution Excellence", "score": 20.0}}, {"model": "insights.pillarscore", "pk": 120, "fields": {"assessment": 49, "pillar": "Innovation and Change Management", "score": 15.0}}, {"model": "insights.pillarscore", "pk": 121, "fields": {"assessment": 50, "pillar": "HR Expertise", "score": 10.0}}, {"model": "insights.pillarscore", "pk": 122, "fields": {"assessment": 50, "pillar": "Communication", "score": 60.0}}, {"model": "insights.pillarscore", "pk": 123, "fields": {"assessment": 50, "pillar": "Leadership & Navigation", "score": 40.0}}, {"model": "insights.pillarscore", "pk": 124, "fields": {"assessment": 51, "pillar": "Leadership & Navigation", "score": -20.0}}, {"model": "insights.pillarscore", "pk": 125, "fields": {"assessment": 51, "pillar": "Critical Evaluation", "score": 15.0}}, {"model": "insights.pillarscore", "pk": 126, "fields": {"assessment": 51, "pillar": "Strategic Thinking", "score": 25.0}}, {"model": "insights.pillarscore", "pk": 127, "fields": {"assessment": 51, "pillar": "Execution Excellence", "score": 45.0}}, {"model": "insights.pillarscore", "pk": 128, "fields": {"assessment": 52, "pillar": "HR Expertise", "score": 10.0}}, {"model": "insights.pillarscore", "pk": 129, "fields": {"assessment": 52, "pillar": "Consultation", "score": 25.0}}, {"model": "insights.pillarscore", "pk": 130, "fields": {"assessment": 52, "pillar": "Communication", "score": 15.0}}, {"model": "insights.pillarscore", "pk": 131, "fields": {"assessment": 52, "pillar": "Strategic Thinking", "score": 25.0}}, {"model": "insights.pillarscore", "pk": 132, "fields": {"assessment": 53, "pillar": "HR Expertise", "score": 10.0}}, {"model": "insights.pillarscore", "pk": 133, "fields": {"assessment": 53, "pillar": "Communication", "score": 10.0}}, {"model": "insights.pillarscore", "pk": 134, "fields": {"assessment": 54, "pillar": "HR Expertise", "score": -5.0}}, {"model": "insights.pillarscore", "pk": 135, "fields": {"assessment": 54, "pillar": "Consultation", "score": 20.0}}, {"model": "insights.pillarscore", "pk": 136, "fields": {"assessment": 54, "pillar": "Communication", "score": 35.0}}, {"model": "insights.pillarscore", "pk": 137, "fields": {"assessment": 54, "pillar": "Leadership & Navigation", "score": 45.0}}, {"model": "insights.pillarscore", "pk": 138, "fields": {"assessment": 54, "pillar": "Ethical Practice", "score": 5.0}}, {"model": "insights.pillarscore", "pk": 139, "fields": {"assessment": 55, "pillar": "HR Expertise", "score": 30.0}}, {"model": "insights.pillarscore", "pk": 140, "fields": {"assessment": 55, "pillar": "Communication", "score": 35.0}}, {"model": "insights.pillarscore", "pk": 141, "fields": {"assessment": 55, "pillar": "Leadership & Navigation", "score": 22.0}}, {"model": "insights.pillarscore", "pk": 142, "fields": {"assessment": 56, "pillar": "HR Expertise", "score": 65.0}}, {"model": "insights.pillarscore", "pk": 143, "fields": {"assessment": 56, "pillar": "Strategic Thinking", "score": 20.0}}, {"model": "insights.pillarscore", "pk": 144, "fields": {"assessment": 59, "pillar": "HR Expertise", "score": 35.0}}, {"model": "insights.pillarscore", "pk": 145, "fields": {"assessment": 59, "pillar": "Communication", "score": 25.0}}, {"model": "insights.pillarscore", "pk": 146, "fields": {"assessment": 59, "pillar": "Strategic Thinking", "score": 25.0}}, {"model": "insights.pillarscore", "pk": 147, "fields": {"assessment": 59, "pillar": "People Leadership", "score": 25.0}}, {"model": "insights.pillarscore", "pk": 148, "fields": {"assessment": 59, "pillar": "Innovation and Change Management", "score": 20.0}}, {"model": "insights.pillarscore", "pk": 149, "fields": {"assessment": 60, "pillar": "HR Expertise", "score": 35.0}}, {"model": "insights.pillarscore", "pk": 150, "fields": {"assessment": 60, "pillar": "Communication", "score": 25.0}}, {"model": "insights.pillarscore", "pk": 151, "fields": {"assessment": 60, "pillar": "Strategic Thinking", "score": 25.0}}, {"model": "insights.pillarscore", "pk": 152, "fields": {"assessment": 60, "pillar": "People Leadership", "score": 25.0}}, {"model": "insights.pillarscore", "pk": 153, "fields": {"assessment": 60, "pillar": "Innovation and Change Management", "score": 20.0}}, {"model": "insights.pillarscore", "pk": 154, "fields": {"assessment": 61, "pillar": "Consultation", "score": 20.0}}, {"model": "insights.pillarscore", "pk": 155, "fields": {"assessment": 61, "pillar": "Communication", "score": 10.0}}, {"model": "insights.pillarscore", "pk": 156, "fields": {"assessment": 61, "pillar": "Ethical Practice", "score": 5.0}}, {"model": "insights.pillarscore", "pk": 157, "fields": {"assessment": 62, "pillar": "HR Expertise", "score": 10.0}}, {"model": "insights.pillarscore", "pk": 158, "fields": {"assessment": 62, "pillar": "Consultation", "score": 25.0}}, {"model": "insights.pillarscore", "pk": 159, "fields": {"assessment": 62, "pillar": "Communication", "score": 15.0}}, {"model": "insights.pillarscore", "pk": 160, "fields": {"assessment": 62, "pillar": "Strategic Thinking", "score": 25.0}}, {"model": "insights.pillarscore", "pk": 161, "fields": {"assessment": 63, "pillar": "HR Expertise", "score": 10.0}}, {"model": "insights.pillarscore", "pk": 162, "fields": {"assessment": 63, "pillar": "Consultation", "score": 25.0}}, {"model": "insights.pillarscore", "pk": 163, "fields": {"assessment": 63, "pillar": "Communication", "score": 15.0}}, {"model": "insights.pillarscore", "pk": 164, "fields": {"assessment": 63, "pillar": "Strategic Thinking", "score": 25.0}}, {"model": "insights.pillarscore", "pk": 165, "fields": {"assessment": 64, "pillar": "HR Expertise", "score": 10.0}}, {"model": "insights.pillarscore", "pk": 166, "fields": {"assessment": 64, "pillar": "Consultation", "score": 25.0}}, {"model": "insights.pillarscore", "pk": 167, "fields": {"assessment": 64, "pillar": "Communication", "score": 15.0}}, {"model": "insights.pillarscore", "pk": 168, "fields": {"assessment": 64, "pillar": "Strategic Thinking", "score": 25.0}}, {"model": "insights.pillarscore", "pk": 169, "fields": {"assessment": 65, "pillar": "HR Expertise", "score": 10.0}}, {"model": "insights.pillarscore", "pk": 170, "fields": {"assessment": 65, "pillar": "Consultation", "score": 25.0}}, {"model": "insights.pillarscore", "pk": 171, "fields": {"assessment": 65, "pillar": "Communication", "score": 15.0}}, {"model": "insights.pillarscore", "pk": 172, "fields": {"assessment": 65, "pillar": "Strategic Thinking", "score": 25.0}}, {"model": "insights.recommendation", "pk": 1, "fields": {"assessment": 4, "pillar": "Consultation", "recommendation_text": "Continue proactive identification and mitigation of potential issues to ensure smooth operations."}}, {"model": "insights.recommendation", "pk": 2, "fields": {"assessment": 4, "pillar": "Consultation", "recommendation_text": "Invest in upskilling HR professionals on risk management and forecasting to better anticipate and address issues before they escalate."}}, {"model": "insights.recommendation", "pk": 3, "fields": {"assessment": 4, "pillar": "Communication", "recommendation_text": "Ensure regular executive team syncs to facilitate open and transparent communication."}}, {"model": "insights.recommendation", "pk": 4, "fields": {"assessment": 4, "pillar": "Communication", "recommendation_text": "Consider implementing a communication platform or tool to keep all team members updated and aligned."}}, {"model": "insights.recommendation", "pk": 5, "fields": {"assessment": 4, "pillar": "Ethical Practice", "recommendation_text": "Maintain a strong stance on ethical practices, even if it means losing potential deals."}}, {"model": "insights.recommendation", "pk": 6, "fields": {"assessment": 4, "pillar": "Ethical Practice", "recommendation_text": "Conduct regular ethics training and establish a code of conduct to ensure all employees understand the company's ethical standards."}}, {"model": "insights.recommendation", "pk": 7, "fields": {"assessment": 5, "pillar": "Consultation", "recommendation_text": "Ensure that the HR team continues to proactively identify and address potential issues. Consider implementing regular reviews or audits to identify potential risks."}}, {"model": "insights.recommendation", "pk": 8, "fields": {"assessment": 5, "pillar": "Consultation", "recommendation_text": "Promote a culture of open communication and feedback within the HR team to encourage the identification and resolution of issues before they escalate."}}, {"model": "insights.recommendation", "pk": 9, "fields": {"assessment": 5, "pillar": "Communication", "recommendation_text": "Implement regular executive team syncs to ensure alignment and effective communication. Consider using these meetings to discuss and align on strategic initiatives, key decisions, and important updates."}}, {"model": "insights.recommendation", "pk": 10, "fields": {"assessment": 5, "pillar": "Communication", "recommendation_text": "Promote open and transparent communication within the executive team. This could include setting clear expectations around communication norms and behaviors."}}, {"model": "insights.recommendation", "pk": 11, "fields": {"assessment": 5, "pillar": "Ethical Practice", "recommendation_text": "Continue to uphold high ethical standards when making business decisions. This may include walking away from deals or opportunities that do not align with the company's values or ethical guidelines."}}, {"model": "insights.recommendation", "pk": 12, "fields": {"assessment": 5, "pillar": "Ethical Practice", "recommendation_text": "Implement regular ethics training and education for all employees to promote a strong culture of ethics and integrity."}}, {"model": "insights.recommendation", "pk": 13, "fields": {"assessment": 6, "pillar": "Consultation", "recommendation_text": "Continue proactive identification and resolution of potential issues"}}, {"model": "insights.recommendation", "pk": 14, "fields": {"assessment": 6, "pillar": "Consultation", "recommendation_text": "Implement a system for early detection of potential problems"}}, {"model": "insights.recommendation", "pk": 15, "fields": {"assessment": 6, "pillar": "Communication", "recommendation_text": "Ensure regular meetings with executive team to keep them informed"}}, {"model": "insights.recommendation", "pk": 16, "fields": {"assessment": 6, "pillar": "Communication", "recommendation_text": "Develop a communication plan to streamline information flow"}}, {"model": "insights.recommendation", "pk": 17, "fields": {"assessment": 6, "pillar": "Ethical Practice", "recommendation_text": "Maintain strict adherence to ethical standards in all business deals"}}, {"model": "insights.recommendation", "pk": 18, "fields": {"assessment": 6, "pillar": "Ethical Practice", "recommendation_text": "Implement regular ethics training for all employees"}}, {"model": "insights.recommendation", "pk": 19, "fields": {"assessment": 8, "pillar": "Consultation", "recommendation_text": "Continue to proactively identify potential issues before they escalate"}}, {"model": "insights.recommendation", "pk": 20, "fields": {"assessment": 8, "pillar": "Consultation", "recommendation_text": "Consider implementing a system that allows for easy tracking and monitoring of potential issues"}}, {"model": "insights.recommendation", "pk": 21, "fields": {"assessment": 8, "pillar": "Communication", "recommendation_text": "Maintain regular communication with the executive team to ensure alignment"}}, {"model": "insights.recommendation", "pk": 22, "fields": {"assessment": 8, "pillar": "Communication", "recommendation_text": "Consider creating a regular schedule for executive team meetings to ensure consistency"}}, {"model": "insights.recommendation", "pk": 23, "fields": {"assessment": 8, "pillar": "Ethical Practice", "recommendation_text": "Continue to prioritize ethical practices in all dealings"}}, {"model": "insights.recommendation", "pk": 24, "fields": {"assessment": 8, "pillar": "Ethical Practice", "recommendation_text": "Consider implementing a formal ethics training program to ensure all employees understand the company's ethical standards"}}, {"model": "insights.recommendation", "pk": 25, "fields": {"assessment": 9, "pillar": "Consultation", "recommendation_text": "Continue proactively identifying potential issues and work on methods to prevent them from escalating"}}, {"model": "insights.recommendation", "pk": 26, "fields": {"assessment": 9, "pillar": "Consultation", "recommendation_text": "Consider developing a feedback system for employees to report issues that HR may not be immediately aware of"}}, {"model": "insights.recommendation", "pk": 27, "fields": {"assessment": 9, "pillar": "Communication", "recommendation_text": "Ensure that all teams are regularly syncing and communicating to maintain transparency and efficiency"}}, {"model": "insights.recommendation", "pk": 28, "fields": {"assessment": 9, "pillar": "Communication", "recommendation_text": "Consider implementing more structured communication channels or tools to facilitate these syncs"}}, {"model": "insights.recommendation", "pk": 29, "fields": {"assessment": 9, "pillar": "Ethical Practice", "recommendation_text": "Maintain the practice of prioritizing ethics in decision-making, even if it means walking away from potentially profitable opportunities"}}, {"model": "insights.recommendation", "pk": 30, "fields": {"assessment": 9, "pillar": "Ethical Practice", "recommendation_text": "Develop an ethics training program for all employees to ensure everyone understands the company's commitment to ethical practices"}}, {"model": "insights.recommendation", "pk": 31, "fields": {"assessment": 10, "pillar": "HR Expertise", "recommendation_text": "To improve HR operations, automate the onboarding process instead of doing it manually."}}, {"model": "insights.recommendation", "pk": 32, "fields": {"assessment": 10, "pillar": "HR Expertise", "recommendation_text": "Encourage more collaboration between HR and business leaders to align business and HR strategies."}}, {"model": "insights.recommendation", "pk": 33, "fields": {"assessment": 10, "pillar": "Communication", "recommendation_text": "Regular executive team sync-ups should be conducted to ensure alignment in communication."}}, {"model": "insights.recommendation", "pk": 34, "fields": {"assessment": 10, "pillar": "Communication", "recommendation_text": "The management should provide clear talking points to avoid ambiguity and ensure consistent messaging."}}, {"model": "insights.recommendation", "pk": 35, "fields": {"assessment": 10, "pillar": "Leadership & Navigation", "recommendation_text": "Maintain a clear 'north star' or vision to guide organizational decision-making."}}, {"model": "insights.recommendation", "pk": 36, "fields": {"assessment": 10, "pillar": "Leadership & Navigation", "recommendation_text": "Develop a strong change management strategy to enable quick pivots during change."}}, {"model": "insights.recommendation", "pk": 37, "fields": {"assessment": 11, "pillar": "Consultation", "recommendation_text": "Continue to proactively identify potential issues before they escalate"}}, {"model": "insights.recommendation", "pk": 38, "fields": {"assessment": 11, "pillar": "Consultation", "recommendation_text": "Implement a system to track and resolve flagged issues"}}, {"model": "insights.recommendation", "pk": 39, "fields": {"assessment": 11, "pillar": "Communication", "recommendation_text": "Ensure regular and structured communication between the executive team and the rest of the organization"}}, {"model": "insights.recommendation", "pk": 40, "fields": {"assessment": 11, "pillar": "Communication", "recommendation_text": "Create a platform where employees can share their ideas and feedback"}}, {"model": "insights.recommendation", "pk": 41, "fields": {"assessment": 11, "pillar": "Ethical Practice", "recommendation_text": "Maintain a strong stance on ethical practices and reinforce it regularly"}}, {"model": "insights.recommendation", "pk": 42, "fields": {"assessment": 11, "pillar": "Ethical Practice", "recommendation_text": "Provide regular training to employees on ethical decision making"}}, {"model": "insights.recommendation", "pk": 43, "fields": {"assessment": 12, "pillar": "Consultation", "recommendation_text": "Continue proactive monitoring and identifying potential issues before they escalate"}}, {"model": "insights.recommendation", "pk": 44, "fields": {"assessment": 12, "pillar": "Consultation", "recommendation_text": "Consider implementing regular training or workshops to keep HR team updated on potential red flags"}}, {"model": "insights.recommendation", "pk": 45, "fields": {"assessment": 12, "pillar": "Communication", "recommendation_text": "Maintain regular executive team syncs to ensure alignment and clear communication"}}, {"model": "insights.recommendation", "pk": 46, "fields": {"assessment": 12, "pillar": "Communication", "recommendation_text": "Consider implementing company-wide communication channels to promote transparency and inclusivity"}}, {"model": "insights.recommendation", "pk": 47, "fields": {"assessment": 12, "pillar": "Ethical Practice", "recommendation_text": "Continue prioritizing ethical practices in all business decisions"}}, {"model": "insights.recommendation", "pk": 48, "fields": {"assessment": 12, "pillar": "Ethical Practice", "recommendation_text": "Consider developing an ethics training program to ensure all employees understand the company's commitment to ethical practice"}}, {"model": "insights.recommendation", "pk": 49, "fields": {"assessment": 13, "pillar": "Consultation", "recommendation_text": "Consider implementing a proactive risk management framework to enhance the ability of HR to identify potential issues early"}}, {"model": "insights.recommendation", "pk": 50, "fields": {"assessment": 13, "pillar": "Consultation", "recommendation_text": "Improve training programs to ensure HR personnel are equipped to identify and handle potential issues before they escalate"}}, {"model": "insights.recommendation", "pk": 51, "fields": {"assessment": 13, "pillar": "Communication", "recommendation_text": "Establish regular executive team meetings to ensure alignment and shared understanding of strategic decisions"}}, {"model": "insights.recommendation", "pk": 52, "fields": {"assessment": 13, "pillar": "Communication", "recommendation_text": "Use digital communication tools to facilitate seamless and efficient communication among executive team members"}}, {"model": "insights.recommendation", "pk": 53, "fields": {"assessment": 13, "pillar": "Ethical Practice", "recommendation_text": "Reinforce the company's commitment to ethical decision-making by providing periodic ethics training"}}, {"model": "insights.recommendation", "pk": 54, "fields": {"assessment": 13, "pillar": "Ethical Practice", "recommendation_text": "Develop a robust code of conduct to guide business decisions and interactions"}}, {"model": "insights.recommendation", "pk": 55, "fields": {"assessment": 14, "pillar": "Consultation", "recommendation_text": "Continue proactive monitoring and early flagging of potential issues to prevent them from escalating. Consider implementing a predictive analytics tool to better anticipate potential problems."}}, {"model": "insights.recommendation", "pk": 56, "fields": {"assessment": 14, "pillar": "Consultation", "recommendation_text": "Encourage more cooperation and synergy between HR and other departments for more integrated problem-solving."}}, {"model": "insights.recommendation", "pk": 57, "fields": {"assessment": 14, "pillar": "Communication", "recommendation_text": "Maintain regular executive team meetings to ensure alignment and synergy across all levels of management. Consider implementing a communication platform for more efficient information exchange."}}, {"model": "insights.recommendation", "pk": 58, "fields": {"assessment": 14, "pillar": "Communication", "recommendation_text": "Encourage transparency and open lines of communication from the executive level to all staff members to foster a culture of trust and inclusion."}}, {"model": "insights.recommendation", "pk": 59, "fields": {"assessment": 14, "pillar": "Ethical Practice", "recommendation_text": "Strengthen the company's ethical guidelines and ensure that all employees, particularly those in decision-making roles, are well-versed in them. Consider conducting regular ethics training."}}, {"model": "insights.recommendation", "pk": 60, "fields": {"assessment": 14, "pillar": "Ethical Practice", "recommendation_text": "Ensure a strong and explicit company stance on refusing deals that compromise the company's ethical values. This might involve reviewing and strengthening the company's decision-making process in relation to ethical considerations."}}, {"model": "insights.recommendation", "pk": 61, "fields": {"assessment": 15, "pillar": "Consultation", "recommendation_text": "Continue proactive issue identification and flagging to avoid potential problems."}}, {"model": "insights.recommendation", "pk": 62, "fields": {"assessment": 15, "pillar": "Consultation", "recommendation_text": "Enhance training programs to ensure all HR staff are able to identify and respond to potential issues promptly."}}, {"model": "insights.recommendation", "pk": 63, "fields": {"assessment": 15, "pillar": "Communication", "recommendation_text": "Maintain regular communication and synchronization with the executive team to ensure alignment of goals and objectives."}}, {"model": "insights.recommendation", "pk": 64, "fields": {"assessment": 15, "pillar": "Communication", "recommendation_text": "Consider implementing a structured communication platform for systematic and effective exchanges."}}, {"model": "insights.recommendation", "pk": 65, "fields": {"assessment": 15, "pillar": "Ethical Practice", "recommendation_text": "Praise and reward ethical decision-making within the company to reinforce a strong ethical culture."}}, {"model": "insights.recommendation", "pk": 66, "fields": {"assessment": 15, "pillar": "Ethical Practice", "recommendation_text": "Implement a comprehensive ethics training program to ensure all employees understand the importance of ethical practice in business transactions."}}, {"model": "insights.recommendation", "pk": 67, "fields": {"assessment": 16, "pillar": "Consultation", "recommendation_text": "Continue proactive identification and mitigation of potential issues. This approach helps prevent minor problems from escalating."}}, {"model": "insights.recommendation", "pk": 68, "fields": {"assessment": 16, "pillar": "Consultation", "recommendation_text": "Invest in training and development programs to enhance HR's problem-solving and decision-making skills."}}, {"model": "insights.recommendation", "pk": 69, "fields": {"assessment": 16, "pillar": "Communication", "recommendation_text": "Ensure regular and effective communication with the executive team to keep them informed about HR decisions and their impact on the organization."}}, {"model": "insights.recommendation", "pk": 70, "fields": {"assessment": 16, "pillar": "Communication", "recommendation_text": "Consider implementing communication tools or software solutions to streamline communication processes."}}, {"model": "insights.recommendation", "pk": 71, "fields": {"assessment": 16, "pillar": "Ethical Practice", "recommendation_text": "Maintain the practice of upholding ethical standards, even when faced with lucrative business opportunities."}}, {"model": "insights.recommendation", "pk": 72, "fields": {"assessment": 16, "pillar": "Ethical Practice", "recommendation_text": "Develop a comprehensive ethics training program to ensure all staff members understand and uphold the company's ethical standards."}}, {"model": "insights.recommendation", "pk": 73, "fields": {"assessment": 17, "pillar": "Consultation", "recommendation_text": "Continue proactive monitoring and early intervention to prevent issues"}}, {"model": "insights.recommendation", "pk": 74, "fields": {"assessment": 17, "pillar": "Consultation", "recommendation_text": "Increase training in risk assessment and management for HR staff"}}, {"model": "insights.recommendation", "pk": 75, "fields": {"assessment": 17, "pillar": "Communication", "recommendation_text": "Establish regular communication channels between the HR department and the executive team"}}, {"model": "insights.recommendation", "pk": 76, "fields": {"assessment": 17, "pillar": "Communication", "recommendation_text": "Introduce more structured and systematic reporting"}}, {"model": "insights.recommendation", "pk": 77, "fields": {"assessment": 17, "pillar": "Ethical Practice", "recommendation_text": "Maintain commitment to ethical decision making even at potential financial cost"}}, {"model": "insights.recommendation", "pk": 78, "fields": {"assessment": 17, "pillar": "Ethical Practice", "recommendation_text": "Implement regular ethics training and develop a code of conduct"}}, {"model": "insights.recommendation", "pk": 79, "fields": {"assessment": 18, "pillar": "Consultation", "recommendation_text": "Continue proactive monitoring to identify potential issues before they escalate"}}, {"model": "insights.recommendation", "pk": 80, "fields": {"assessment": 18, "pillar": "Consultation", "recommendation_text": "Consider implementing a risk assessment system to more efficiently predict and prevent problems"}}, {"model": "insights.recommendation", "pk": 81, "fields": {"assessment": 18, "pillar": "Communication", "recommendation_text": "Ensure regular and structured communication between the executive team and the rest of the staff"}}, {"model": "insights.recommendation", "pk": 82, "fields": {"assessment": 18, "pillar": "Communication", "recommendation_text": "Consider implementing a more open communication platform to facilitate information flow"}}, {"model": "insights.recommendation", "pk": 83, "fields": {"assessment": 18, "pillar": "Ethical Practice", "recommendation_text": "Continue to uphold ethical practices in all business dealings, even if it means losing potential deals"}}, {"model": "insights.recommendation", "pk": 84, "fields": {"assessment": 18, "pillar": "Ethical Practice", "recommendation_text": "Consider implementing a code of ethics to guide decision-making"}}, {"model": "insights.recommendation", "pk": 85, "fields": {"assessment": 19, "pillar": "Consultation", "recommendation_text": "Continue proactive problem identification and create a formal process for early issue detection and resolution"}}, {"model": "insights.recommendation", "pk": 86, "fields": {"assessment": 19, "pillar": "Consultation", "recommendation_text": "Increase collaboration and consultation with other departments to ensure alignment and foresee potential issues"}}, {"model": "insights.recommendation", "pk": 87, "fields": {"assessment": 19, "pillar": "Communication", "recommendation_text": "Regularly schedule executive team syncs to ensure alignment and enhance communication"}}, {"model": "insights.recommendation", "pk": 88, "fields": {"assessment": 19, "pillar": "Communication", "recommendation_text": "Create a robust communication plan to ensure information is disseminated appropriately across all levels"}}, {"model": "insights.recommendation", "pk": 89, "fields": {"assessment": 19, "pillar": "Ethical Practice", "recommendation_text": "Reinforce the importance of ethical decision-making in all business deals"}}, {"model": "insights.recommendation", "pk": 90, "fields": {"assessment": 19, "pillar": "Ethical Practice", "recommendation_text": "Create a code of conduct or ethics policy if one does not exist, and provide training to ensure understanding and adherence"}}, {"model": "insights.recommendation", "pk": 91, "fields": {"assessment": 20, "pillar": "Consultation", "recommendation_text": "Develop a predictive system for identifying potential HR-related issues before they escalate"}}, {"model": "insights.recommendation", "pk": 92, "fields": {"assessment": 20, "pillar": "Consultation", "recommendation_text": "Regular training for HR staff to ensure they are up-to-date with the latest trends and practices in employee relations"}}, {"model": "insights.recommendation", "pk": 93, "fields": {"assessment": 20, "pillar": "Communication", "recommendation_text": "Establish a regular communication schedule with the executive team to ensure alignment"}}, {"model": "insights.recommendation", "pk": 94, "fields": {"assessment": 20, "pillar": "Communication", "recommendation_text": "Implement a system for tracking and documenting key decisions from executive team syncs"}}, {"model": "insights.recommendation", "pk": 95, "fields": {"assessment": 20, "pillar": "Ethical Practice", "recommendation_text": "Create a thorough, company-wide ethics training program"}}, {"model": "insights.recommendation", "pk": 96, "fields": {"assessment": 20, "pillar": "Ethical Practice", "recommendation_text": "Form an ethics committee to review and provide guidance on potentially controversial business decisions"}}, {"model": "insights.recommendation", "pk": 97, "fields": {"assessment": 21, "pillar": "Consultation", "recommendation_text": "Encourage proactive identification and resolution of potential issues by HR"}}, {"model": "insights.recommendation", "pk": 98, "fields": {"assessment": 21, "pillar": "Consultation", "recommendation_text": "Invest in training programs for HR to develop their anticipatory skills"}}, {"model": "insights.recommendation", "pk": 99, "fields": {"assessment": 21, "pillar": "Communication", "recommendation_text": "Ensure regular communication between the executive team and other teams"}}, {"model": "insights.recommendation", "pk": 100, "fields": {"assessment": 21, "pillar": "Communication", "recommendation_text": "Promote an open-door policy for better flow of information"}}, {"model": "insights.recommendation", "pk": 101, "fields": {"assessment": 21, "pillar": "Ethical Practice", "recommendation_text": "Continue to uphold high ethical standards even if it means losing potential deals"}}, {"model": "insights.recommendation", "pk": 102, "fields": {"assessment": 21, "pillar": "Ethical Practice", "recommendation_text": "Reinforce the importance of ethics in all company dealings internally and externally"}}, {"model": "insights.recommendation", "pk": 103, "fields": {"assessment": 22, "pillar": "Consultation", "recommendation_text": "Continue proactively identifying potential issues and addressing them ahead of time"}}, {"model": "insights.recommendation", "pk": 104, "fields": {"assessment": 22, "pillar": "Consultation", "recommendation_text": "Invest in training and tools that can enhance the HR team's ability to foresee problems"}}, {"model": "insights.recommendation", "pk": 105, "fields": {"assessment": 22, "pillar": "Communication", "recommendation_text": "Maintain regular communication with the executive team to keep them updated on important HR matters"}}, {"model": "insights.recommendation", "pk": 106, "fields": {"assessment": 22, "pillar": "Communication", "recommendation_text": "Consider implementing a structured communication framework to ensure efficient exchange of information"}}, {"model": "insights.recommendation", "pk": 107, "fields": {"assessment": 22, "pillar": "Ethical Practice", "recommendation_text": "Reinforce the company's commitment to ethical practices by incorporating ethics training into the regular training schedule"}}, {"model": "insights.recommendation", "pk": 108, "fields": {"assessment": 22, "pillar": "Ethical Practice", "recommendation_text": "Promote transparency in all business dealings to uphold the company's reputation"}}, {"model": "insights.recommendation", "pk": 109, "fields": {"assessment": 23, "pillar": "Consultation", "recommendation_text": "Continue the proactive approach in identifying potential issues early and addressing them promptly"}}, {"model": "insights.recommendation", "pk": 110, "fields": {"assessment": 23, "pillar": "Consultation", "recommendation_text": "Consider implementing workshops to share best practices on issue identification and resolution with the entire team"}}, {"model": "insights.recommendation", "pk": 111, "fields": {"assessment": 23, "pillar": "Communication", "recommendation_text": "Maintain regular executive team meetings to ensure alignment and effective decision-making"}}, {"model": "insights.recommendation", "pk": 112, "fields": {"assessment": 23, "pillar": "Communication", "recommendation_text": "Initiate cross-departmental meetings to foster better communication and understanding across the organization"}}, {"model": "insights.recommendation", "pk": 113, "fields": {"assessment": 23, "pillar": "Ethical Practice", "recommendation_text": "Encourage and reward ethical decisions, even when they may result in short-term loss"}}, {"model": "insights.recommendation", "pk": 114, "fields": {"assessment": 23, "pillar": "Ethical Practice", "recommendation_text": "Implement a clear code of conduct and ethics training to reinforce the company's commitment to ethical practice"}}, {"model": "insights.recommendation", "pk": 115, "fields": {"assessment": 24, "pillar": "Consultation", "recommendation_text": "Continue proactive monitoring to anticipate potential issues early on"}}, {"model": "insights.recommendation", "pk": 116, "fields": {"assessment": 24, "pillar": "Consultation", "recommendation_text": "Implement regular review sessions to discuss potential issues and solutions"}}, {"model": "insights.recommendation", "pk": 117, "fields": {"assessment": 24, "pillar": "Communication", "recommendation_text": "Ensure regular and effective communication between the executive team and other departments"}}, {"model": "insights.recommendation", "pk": 118, "fields": {"assessment": 24, "pillar": "Communication", "recommendation_text": "Consider implementing a structured communication platform or process for sharing information"}}, {"model": "insights.recommendation", "pk": 119, "fields": {"assessment": 24, "pillar": "Ethical Practice", "recommendation_text": "Develop a comprehensive ethical guideline for decision-making processes"}}, {"model": "insights.recommendation", "pk": 120, "fields": {"assessment": 24, "pillar": "Ethical Practice", "recommendation_text": "Provide regular training sessions on ethical conduct and decision-making"}}, {"model": "insights.recommendation", "pk": 121, "fields": {"assessment": 25, "pillar": "Consultation", "recommendation_text": "Continue equipping the HR team with predictive analytics tools to identify and mitigate potential issues before they escalate."}}, {"model": "insights.recommendation", "pk": 122, "fields": {"assessment": 25, "pillar": "Consultation", "recommendation_text": "Consider regular training sessions for the HR team to boost their skills in risk detection and mitigation."}}, {"model": "insights.recommendation", "pk": 123, "fields": {"assessment": 25, "pillar": "Communication", "recommendation_text": "Invest in a robust communication platform that allows for easy scheduling and recording of executive team syncs."}}, {"model": "insights.recommendation", "pk": 124, "fields": {"assessment": 25, "pillar": "Communication", "recommendation_text": "Encourage a culture of open communication where all team members are invited to share their thoughts and ideas."}}, {"model": "insights.recommendation", "pk": 125, "fields": {"assessment": 25, "pillar": "Ethical Practice", "recommendation_text": "Continue to uphold the company's ethical standards in all business dealings, even if it means losing potential profits."}}, {"model": "insights.recommendation", "pk": 126, "fields": {"assessment": 25, "pillar": "Ethical Practice", "recommendation_text": "Consider implementing a comprehensive ethics training program for all employees."}}, {"model": "insights.recommendation", "pk": 127, "fields": {"assessment": 26, "pillar": "Consultation", "recommendation_text": "Create a proactive alert system to flag potential issues early"}}, {"model": "insights.recommendation", "pk": 128, "fields": {"assessment": 26, "pillar": "Consultation", "recommendation_text": "Train HR staff in risk identification and management"}}, {"model": "insights.recommendation", "pk": 129, "fields": {"assessment": 26, "pillar": "Communication", "recommendation_text": "Establish regular executive team meetings to ensure alignment"}}, {"model": "insights.recommendation", "pk": 130, "fields": {"assessment": 26, "pillar": "Communication", "recommendation_text": "Implement a communication platform for real-time collaboration and information sharing"}}, {"model": "insights.recommendation", "pk": 131, "fields": {"assessment": 26, "pillar": "Ethical Practice", "recommendation_text": "Develop a robust ethical decision-making framework"}}, {"model": "insights.recommendation", "pk": 132, "fields": {"assessment": 26, "pillar": "Ethical Practice", "recommendation_text": "Introduce ethics training for all staff to ensure understanding and adherence to companys ethical standards"}}, {"model": "insights.recommendation", "pk": 133, "fields": {"assessment": 27, "pillar": "Consultation", "recommendation_text": "Consider implementing a proactive monitoring system to identify and address potential issues before they escalate"}}, {"model": "insights.recommendation", "pk": 134, "fields": {"assessment": 27, "pillar": "Consultation", "recommendation_text": "Encourage HR to engage with department leaders regularly to understand their concerns and provide guidance"}}, {"model": "insights.recommendation", "pk": 135, "fields": {"assessment": 27, "pillar": "Communication", "recommendation_text": "Establish regular meetings with the executive team to ensure clear and consistent communication"}}, {"model": "insights.recommendation", "pk": 136, "fields": {"assessment": 27, "pillar": "Communication", "recommendation_text": "Encourage the use of collaboration tools that can help streamline the communication process among team members"}}, {"model": "insights.recommendation", "pk": 137, "fields": {"assessment": 27, "pillar": "Ethical Practice", "recommendation_text": "Reiterate company values and ethical standards in decision making. Conduct regular ethics training for employees"}}, {"model": "insights.recommendation", "pk": 138, "fields": {"assessment": 27, "pillar": "Ethical Practice", "recommendation_text": "Create an ethics committee to review business deals and ensure they align with the company's ethical standards"}}, {"model": "insights.recommendation", "pk": 139, "fields": {"assessment": 28, "pillar": "Consultation", "recommendation_text": "Develop a proactive approach towards identifying potential HR issues."}}, {"model": "insights.recommendation", "pk": 140, "fields": {"assessment": 28, "pillar": "Consultation", "recommendation_text": "Implement regular training for HR team to stay updated on current HR trends and issues."}}, {"model": "insights.recommendation", "pk": 141, "fields": {"assessment": 28, "pillar": "Communication", "recommendation_text": "Establish regular meetings with the executive team to ensure alignment."}}, {"model": "insights.recommendation", "pk": 142, "fields": {"assessment": 28, "pillar": "Communication", "recommendation_text": "Promote open communication channels for all employees."}}, {"model": "insights.recommendation", "pk": 143, "fields": {"assessment": 28, "pillar": "Ethical Practice", "recommendation_text": "Maintain a strong focus on ethical considerations during decision making."}}, {"model": "insights.recommendation", "pk": 144, "fields": {"assessment": 28, "pillar": "Ethical Practice", "recommendation_text": "Provide regular training sessions on ethics and compliance."}}, {"model": "insights.recommendation", "pk": 145, "fields": {"assessment": 29, "pillar": "Consultation", "recommendation_text": "Continue proactive identification and mitigation of potential issues."}}, {"model": "insights.recommendation", "pk": 146, "fields": {"assessment": 29, "pillar": "Consultation", "recommendation_text": "Invest in trainings and resources to enhance the HR team's foresight and problem-solving capabilities."}}, {"model": "insights.recommendation", "pk": 147, "fields": {"assessment": 29, "pillar": "Communication", "recommendation_text": "Ensure timely and effective communication between the exec team and other members of the organization."}}, {"model": "insights.recommendation", "pk": 148, "fields": {"assessment": 29, "pillar": "Communication", "recommendation_text": "Consider implementing regular townhall meetings for wider organizational updates."}}, {"model": "insights.recommendation", "pk": 149, "fields": {"assessment": 29, "pillar": "Ethical Practice", "recommendation_text": "Maintain a strong commitment to ethical standards in all business dealings."}}, {"model": "insights.recommendation", "pk": 150, "fields": {"assessment": 29, "pillar": "Ethical Practice", "recommendation_text": "Incorporate ethical practice discussions in team meetings and training sessions to reinforce the importance of integrity."}}, {"model": "insights.recommendation", "pk": 151, "fields": {"assessment": 30, "pillar": "HR Expertise", "recommendation_text": "Consider automating the onboarding process to improve efficiency and reduce manual errors."}}, {"model": "insights.recommendation", "pk": 152, "fields": {"assessment": 30, "pillar": "HR Expertise", "recommendation_text": "Continue to strengthen the partnership with business leaders to ensure alignment of HR strategies with business objectives."}}, {"model": "insights.recommendation", "pk": 153, "fields": {"assessment": 30, "pillar": "Communication", "recommendation_text": "Regularly schedule executive team meetings to enhance information flow and decision-making."}}, {"model": "insights.recommendation", "pk": 154, "fields": {"assessment": 30, "pillar": "Communication", "recommendation_text": "Implement a feedback mechanism to ensure 2-way communication and gather employee insights through surveys."}}, {"model": "insights.recommendation", "pk": 155, "fields": {"assessment": 30, "pillar": "Leadership & Navigation", "recommendation_text": "Keep the 'north star' vision clear and communicated to all employees to guide actions and decisions."}}, {"model": "insights.recommendation", "pk": 156, "fields": {"assessment": 30, "pillar": "Leadership & Navigation", "recommendation_text": "Encourage flexibility and adaptability among employees to effectively navigate changes."}}, {"model": "insights.recommendation", "pk": 157, "fields": {"assessment": 31, "pillar": "HR Expertise", "recommendation_text": "Implement a more streamlined, digital onboarding process to increase efficiency and improve the employee experience."}}, {"model": "insights.recommendation", "pk": 158, "fields": {"assessment": 31, "pillar": "HR Expertise", "recommendation_text": "Transition from paper files to a secure digital storage system to better manage employee records and reduce clutter."}}, {"model": "insights.recommendation", "pk": 159, "fields": {"assessment": 31, "pillar": "Communication", "recommendation_text": "Establish a more structured, transparent communication system that ensures everyone is on the same page, reducing confusion or misunderstanding."}}, {"model": "insights.recommendation", "pk": 160, "fields": {"assessment": 31, "pillar": "Communication", "recommendation_text": "Promote open 2-way communication by encouraging employees to share their thoughts and feedback and ensuring they are being heard."}}, {"model": "insights.recommendation", "pk": 161, "fields": {"assessment": 31, "pillar": "Leadership & Navigation", "recommendation_text": "Ensure that the company's 'north star' or long-term goal is clearly communicated and understood by all employees."}}, {"model": "insights.recommendation", "pk": 162, "fields": {"assessment": 31, "pillar": "Leadership & Navigation", "recommendation_text": "Provide comprehensive change management training to leaders to equip them with the skills needed to navigate through change swiftly and effectively."}}, {"model": "insights.recommendation", "pk": 163, "fields": {"assessment": 33, "pillar": "HR Expertise", "recommendation_text": "Automate onboarding using advanced tools such as Rippling to increase efficiency and reduce manual errors."}}, {"model": "insights.recommendation", "pk": 164, "fields": {"assessment": 33, "pillar": "HR Expertise", "recommendation_text": "Strengthen the partnership with business leaders to ensure alignment of HR strategies with business goals."}}, {"model": "insights.recommendation", "pk": 165, "fields": {"assessment": 33, "pillar": "Communication", "recommendation_text": "Ensure clear and consistent communication from managers through regular syncs and provision of clear talking points."}}, {"model": "insights.recommendation", "pk": 166, "fields": {"assessment": 33, "pillar": "Communication", "recommendation_text": "Promote a culture of open and two-way communication by regularly sharing survey results and feedback."}}, {"model": "insights.recommendation", "pk": 167, "fields": {"assessment": 33, "pillar": "Leadership & Navigation", "recommendation_text": "Maintain a clear and communicated 'north star' or vision for the team to align efforts and decisions."}}, {"model": "insights.recommendation", "pk": 168, "fields": {"assessment": 33, "pillar": "Leadership & Navigation", "recommendation_text": "Develop strategies for quicker, more efficient pivoting during periods of change to minimize disruption and maintain productivity."}}, {"model": "insights.recommendation", "pk": 169, "fields": {"assessment": 34, "pillar": "HR Expertise", "recommendation_text": "Implement a digital onboarding process to replace the current manual method"}}, {"model": "insights.recommendation", "pk": 170, "fields": {"assessment": 34, "pillar": "HR Expertise", "recommendation_text": "Consider regular HR-business leader meetings to ensure alignment"}}, {"model": "insights.recommendation", "pk": 171, "fields": {"assessment": 34, "pillar": "Communication", "recommendation_text": "Establish a clear and regular communication routine with the executive team"}}, {"model": "insights.recommendation", "pk": 172, "fields": {"assessment": 34, "pillar": "Communication", "recommendation_text": "Develop a framework for manager communication to ensure uniformity"}}, {"model": "insights.recommendation", "pk": 173, "fields": {"assessment": 34, "pillar": "Leadership & Navigation", "recommendation_text": "Ensure strategic objectives (north star) are clearly communicated and understood"}}, {"model": "insights.recommendation", "pk": 174, "fields": {"assessment": 34, "pillar": "Leadership & Navigation", "recommendation_text": "Develop a change management strategy to enable quick pivoting"}}, {"model": "insights.recommendation", "pk": 175, "fields": {"assessment": 35, "pillar": "HR Expertise", "recommendation_text": "Implement a digital onboarding process to improve efficiency and reduce reliance on paper files."}}, {"model": "insights.recommendation", "pk": 176, "fields": {"assessment": 35, "pillar": "HR Expertise", "recommendation_text": "Strengthen partnerships with business leaders to better align HR strategies with business objectives."}}, {"model": "insights.recommendation", "pk": 177, "fields": {"assessment": 35, "pillar": "Communication", "recommendation_text": "Establish regular syncs with the executive team to ensure alignment and transparency."}}, {"model": "insights.recommendation", "pk": 178, "fields": {"assessment": 35, "pillar": "Communication", "recommendation_text": "Enhance 2-way communication channels to support feedback and continuous improvement."}}, {"model": "insights.recommendation", "pk": 179, "fields": {"assessment": 35, "pillar": "Leadership & Navigation", "recommendation_text": "Ensure that the 'north star' vision is well communicated and understood across all levels of the organization."}}, {"model": "insights.recommendation", "pk": 180, "fields": {"assessment": 35, "pillar": "Leadership & Navigation", "recommendation_text": "Promote agility and flexibility in leadership to effectively handle and adapt to change."}}, {"model": "insights.recommendation", "pk": 181, "fields": {"assessment": 36, "pillar": "HR Expertise", "recommendation_text": "Consider automating the onboarding process to increase efficiency and standardization."}}, {"model": "insights.recommendation", "pk": 182, "fields": {"assessment": 36, "pillar": "HR Expertise", "recommendation_text": "Further strengthen relationships with business leaders by providing regular HR updates and insights."}}, {"model": "insights.recommendation", "pk": 183, "fields": {"assessment": 36, "pillar": "Communication", "recommendation_text": "Establish more consistent and clear communication channels, including regular syncs with the executive team and clear talking points for managers."}}, {"model": "insights.recommendation", "pk": 184, "fields": {"assessment": 36, "pillar": "Communication", "recommendation_text": "Promote a culture that values feedback by regularly sharing survey results and encouraging 2-way communication."}}, {"model": "insights.recommendation", "pk": 185, "fields": {"assessment": 36, "pillar": "Leadership & Navigation", "recommendation_text": "Ensure the 'north star' or company vision is clearly communicated and understood across the organization."}}, {"model": "insights.recommendation", "pk": 186, "fields": {"assessment": 36, "pillar": "Leadership & Navigation", "recommendation_text": "Develop a change management strategy to help the organization pivot quickly and effectively during times of change."}}, {"model": "insights.recommendation", "pk": 187, "fields": {"assessment": 41, "pillar": "Consultation", "recommendation_text": "Encourage proactive issue identification and resolution from the HR team"}}, {"model": "insights.recommendation", "pk": 188, "fields": {"assessment": 41, "pillar": "Consultation", "recommendation_text": "Implement a system to track potential issues flagged by HR to monitor outcomes and improve the process"}}, {"model": "insights.recommendation", "pk": 189, "fields": {"assessment": 41, "pillar": "Communication", "recommendation_text": "Establish regular sync meetings with the exec team to ensure alignment and solid communication"}}, {"model": "insights.recommendation", "pk": 190, "fields": {"assessment": 41, "pillar": "Communication", "recommendation_text": "Develop a formal communication plan to facilitate information sharing among different levels of the organization"}}, {"model": "insights.recommendation", "pk": 191, "fields": {"assessment": 41, "pillar": "Ethical Practice", "recommendation_text": "Reinforce company's commitment to ethical practices in all business dealings"}}, {"model": "insights.recommendation", "pk": 192, "fields": {"assessment": 41, "pillar": "Ethical Practice", "recommendation_text": "Provide regular ethics training to ensure all employees understand the importance of ethical decision-making"}}, {"model": "insights.recommendation", "pk": 193, "fields": {"assessment": 46, "pillar": "HR Expertise", "recommendation_text": "Invest in digital tools to automate and streamline the onboarding process."}}, {"model": "insights.recommendation", "pk": 194, "fields": {"assessment": 46, "pillar": "HR Expertise", "recommendation_text": "Provide interactive, easy-to-understand manuals for new hires to enhance their onboarding experience."}}, {"model": "insights.recommendation", "pk": 195, "fields": {"assessment": 46, "pillar": "Critical Evaluation", "recommendation_text": "Regularly analyze exit data to identify trends and potential areas of improvement."}}, {"model": "insights.recommendation", "pk": 196, "fields": {"assessment": 46, "pillar": "Critical Evaluation", "recommendation_text": "Implement changes based on exit data insights to minimize employee turnover."}}, {"model": "insights.recommendation", "pk": 197, "fields": {"assessment": 46, "pillar": "Strategic Thinking", "recommendation_text": "Ensure HR objectives are always aligned with overall company goals."}}, {"model": "insights.recommendation", "pk": 198, "fields": {"assessment": 46, "pillar": "Strategic Thinking", "recommendation_text": "Regularly review and adjust HR goals to remain in sync with evolving company OKRs."}}, {"model": "insights.recommendation", "pk": 199, "fields": {"assessment": 46, "pillar": "Execution Excellence", "recommendation_text": "Implement task management systems to ensure tasks are tracked and completed."}}, {"model": "insights.recommendation", "pk": 200, "fields": {"assessment": 46, "pillar": "Execution Excellence", "recommendation_text": "Promote a culture of accountability and responsibility to minimize tasks being overlooked."}}, {"model": "insights.recommendation", "pk": 201, "fields": {"assessment": 47, "pillar": "Strategic Thinking", "recommendation_text": "Align HR goals with overall business objectives to ensure the HR department's actions are contributing to the company's success."}}, {"model": "insights.recommendation", "pk": 202, "fields": {"assessment": 47, "pillar": "Strategic Thinking", "recommendation_text": "Consider implementing a strategic HR planning process that is integrated with the company's strategic planning."}}, {"model": "insights.recommendation", "pk": 203, "fields": {"assessment": 47, "pillar": "Execution Excellence", "recommendation_text": "Continue the effective execution of HR tasks, especially the onboarding process."}}, {"model": "insights.recommendation", "pk": 204, "fields": {"assessment": 47, "pillar": "Execution Excellence", "recommendation_text": "Maintain the use of clear metrics to track and improve HR processes."}}, {"model": "insights.recommendation", "pk": 205, "fields": {"assessment": 47, "pillar": "Influence and Collaboration", "recommendation_text": "Keep fostering cross-functional collaboration with other departments such as Product and Engineering."}}, {"model": "insights.recommendation", "pk": 206, "fields": {"assessment": 47, "pillar": "Influence and Collaboration", "recommendation_text": "Consider extending effective collaboration methods to other functional areas within the organization."}}, {"model": "insights.recommendation", "pk": 207, "fields": {"assessment": 48, "pillar": "Critical Evaluation", "recommendation_text": "Invest in tools or training that enhance the team's ability to evaluate critical data more effectively."}}, {"model": "insights.recommendation", "pk": 208, "fields": {"assessment": 48, "pillar": "Critical Evaluation", "recommendation_text": "Consider implementing a system where engagement and attrition rates are continuously monitored and addressed promptly."}}, {"model": "insights.recommendation", "pk": 209, "fields": {"assessment": 48, "pillar": "Strategic Thinking", "recommendation_text": "Ensure the HR team is involved in strategic planning processes and that their goals align with overall company objectives."}}, {"model": "insights.recommendation", "pk": 210, "fields": {"assessment": 48, "pillar": "Strategic Thinking", "recommendation_text": "Encourage the use of scenario modeling to anticipate potential outcomes and prepare strategies accordingly."}}, {"model": "insights.recommendation", "pk": 211, "fields": {"assessment": 48, "pillar": "Execution Excellence", "recommendation_text": "Review and streamline the hiring process to reduce time-to-hire."}}, {"model": "insights.recommendation", "pk": 212, "fields": {"assessment": 48, "pillar": "Execution Excellence", "recommendation_text": "Consider leveraging technology or outsourcing certain aspects of the recruiting process to expedite hiring."}}, {"model": "insights.recommendation", "pk": 213, "fields": {"assessment": 49, "pillar": "Critical Evaluation", "recommendation_text": "Invest in data analytics tools to better understand employee exit trends and inform strategic decisions."}}, {"model": "insights.recommendation", "pk": 214, "fields": {"assessment": 49, "pillar": "Critical Evaluation", "recommendation_text": "Ensure continuous training in data analysis and interpretation for HR staff to make effective use of exit data."}}, {"model": "insights.recommendation", "pk": 215, "fields": {"assessment": 49, "pillar": "Strategic Thinking", "recommendation_text": "Ensure HR goals are aligned with company-wide objectives and key results (OKRs) to maintain strategic focus."}}, {"model": "insights.recommendation", "pk": 216, "fields": {"assessment": 49, "pillar": "Strategic Thinking", "recommendation_text": "Regularly review and adjust HR goals to ensure they continue to support company OKRs."}}, {"model": "insights.recommendation", "pk": 217, "fields": {"assessment": 49, "pillar": "Execution Excellence", "recommendation_text": "Continue to set clear and measurable onboarding goals and monitor progress regularly."}}, {"model": "insights.recommendation", "pk": 218, "fields": {"assessment": 49, "pillar": "Execution Excellence", "recommendation_text": "Explore ways to further improve onboarding processes based on employee feedback and best practices."}}, {"model": "insights.recommendation", "pk": 219, "fields": {"assessment": 49, "pillar": "Innovation and Change Management", "recommendation_text": "Promote a culture of innovation by encouraging 'test and learn' approach to new initiatives."}}, {"model": "insights.recommendation", "pk": 220, "fields": {"assessment": 49, "pillar": "Innovation and Change Management", "recommendation_text": "Invest in training and resources to support staff in managing change effectively."}}, {"model": "insights.recommendation", "pk": 221, "fields": {"assessment": 50, "pillar": "HR Expertise", "recommendation_text": "Consider automating the onboarding process to enhance efficiency"}}, {"model": "insights.recommendation", "pk": 222, "fields": {"assessment": 50, "pillar": "HR Expertise", "recommendation_text": "Continue to strengthen partnerships with business leaders to ensure HR strategies align with business goals"}}, {"model": "insights.recommendation", "pk": 223, "fields": {"assessment": 50, "pillar": "Communication", "recommendation_text": "Ensure regular communication between the executive team and other employees to foster transparency"}}, {"model": "insights.recommendation", "pk": 224, "fields": {"assessment": 50, "pillar": "Communication", "recommendation_text": "Encourage managers to articulate their points clearly to avoid miscommunication"}}, {"model": "insights.recommendation", "pk": 225, "fields": {"assessment": 50, "pillar": "Leadership & Navigation", "recommendation_text": "Maintain a clear vision ('north star') to guide decisions and actions"}}, {"model": "insights.recommendation", "pk": 226, "fields": {"assessment": 50, "pillar": "Leadership & Navigation", "recommendation_text": "Develop strategies for effective change management to quickly adjust to unpredictable circumstances"}}, {"model": "insights.recommendation", "pk": 227, "fields": {"assessment": 51, "pillar": "Leadership & Navigation", "recommendation_text": "Develop a system to track and manage the progress of tasks and projects to ensure completion."}}, {"model": "insights.recommendation", "pk": 228, "fields": {"assessment": 51, "pillar": "Leadership & Navigation", "recommendation_text": "Introduce accountability measures to improve follow-through."}}, {"model": "insights.recommendation", "pk": 229, "fields": {"assessment": 51, "pillar": "Critical Evaluation", "recommendation_text": "Consider implementing an evaluation model that balances both engagement and attrition."}}, {"model": "insights.recommendation", "pk": 230, "fields": {"assessment": 51, "pillar": "Critical Evaluation", "recommendation_text": "Encourage regular feedback sessions to understand employee engagement levels and attrition rates."}}, {"model": "insights.recommendation", "pk": 231, "fields": {"assessment": 51, "pillar": "Strategic Thinking", "recommendation_text": "Ensure that HR goals are always aligned with company OKRs to drive strategic initiatives."}}, {"model": "insights.recommendation", "pk": 232, "fields": {"assessment": 51, "pillar": "Strategic Thinking", "recommendation_text": "Continue using predictive modeling to anticipate different outcomes and inform strategic planning."}}, {"model": "insights.recommendation", "pk": 233, "fields": {"assessment": 51, "pillar": "Execution Excellence", "recommendation_text": "Maintain excellence in execution by continuously setting and tracking clear, measurable goals."}}, {"model": "insights.recommendation", "pk": 234, "fields": {"assessment": 51, "pillar": "Execution Excellence", "recommendation_text": "Further streamline the process and metrics for better efficiency and transparency."}}, {"model": "insights.recommendation", "pk": 235, "fields": {"assessment": 52, "pillar": "HR Expertise", "recommendation_text": "Create an in-depth training program on the utilization of Rippling to improve HR functions."}}, {"model": "insights.recommendation", "pk": 236, "fields": {"assessment": 52, "pillar": "HR Expertise", "recommendation_text": "Consider organizing regular refresher courses on Rippling to ensure all HR staff members are updated on its latest features and functionalities."}}, {"model": "insights.recommendation", "pk": 237, "fields": {"assessment": 52, "pillar": "Consultation", "recommendation_text": "Ensure HR's representation in all strategic planning meetings to help align HR objectives with overall company goals."}}, {"model": "insights.recommendation", "pk": 238, "fields": {"assessment": 52, "pillar": "Consultation", "recommendation_text": "Promote active participation and communication from HR in decision-making processes."}}, {"model": "insights.recommendation", "pk": 239, "fields": {"assessment": 52, "pillar": "Communication", "recommendation_text": "Develop a systematic approach for sharing survey results with relevant stakeholders."}}, {"model": "insights.recommendation", "pk": 240, "fields": {"assessment": 52, "pillar": "Communication", "recommendation_text": "Ensure follow-up actions are taken based on survey results and communicated effectively."}}, {"model": "insights.recommendation", "pk": 241, "fields": {"assessment": 52, "pillar": "Strategic Thinking", "recommendation_text": "Ensure that HR goals are aligned with the company's OKRs."}}, {"model": "insights.recommendation", "pk": 242, "fields": {"assessment": 52, "pillar": "Strategic Thinking", "recommendation_text": "Regularly review and adjust HR goals to ensure they continue to support company OKRs."}}, {"model": "insights.recommendation", "pk": 243, "fields": {"assessment": 53, "pillar": "HR Expertise", "recommendation_text": "Consider additional training or workshops to increase proficiency in using Rippling"}}, {"model": "insights.recommendation", "pk": 244, "fields": {"assessment": 53, "pillar": "HR Expertise", "recommendation_text": "Implement a system to regularly update and refresh knowledge on Rippling's features and updates"}}, {"model": "insights.recommendation", "pk": 245, "fields": {"assessment": 53, "pillar": "Communication", "recommendation_text": "Ensure that exec team syncs are regularly scheduled and productive"}}, {"model": "insights.recommendation", "pk": 246, "fields": {"assessment": 53, "pillar": "Communication", "recommendation_text": "Consider implementing a structure or agenda for these meetings to ensure effective communication"}}, {"model": "insights.recommendation", "pk": 247, "fields": {"assessment": 54, "pillar": "HR Expertise", "recommendation_text": "Consider digitizing HR processes to improve efficiency and accuracy"}}, {"model": "insights.recommendation", "pk": 248, "fields": {"assessment": 54, "pillar": "HR Expertise", "recommendation_text": "Explore using platforms like Rippling to manage HR tasks"}}, {"model": "insights.recommendation", "pk": 249, "fields": {"assessment": 54, "pillar": "Consultation", "recommendation_text": "Continue proactive issue identification and resolution"}}, {"model": "insights.recommendation", "pk": 250, "fields": {"assessment": 54, "pillar": "Consultation", "recommendation_text": "Enhance team training to identify potential issues earlier"}}, {"model": "insights.recommendation", "pk": 251, "fields": {"assessment": 54, "pillar": "Communication", "recommendation_text": "Maintain regular syncs with exec team for transparency and alignment"}}, {"model": "insights.recommendation", "pk": 252, "fields": {"assessment": 54, "pillar": "Communication", "recommendation_text": "Promote 2-way communication at all levels to ensure clarity and feedback"}}, {"model": "insights.recommendation", "pk": 253, "fields": {"assessment": 54, "pillar": "Leadership & Navigation", "recommendation_text": "Keep clear and consistent strategic goals (north star) for team guidance"}}, {"model": "insights.recommendation", "pk": 254, "fields": {"assessment": 54, "pillar": "Leadership & Navigation", "recommendation_text": "Develop a change management strategy to allow for quick and effective pivots"}}, {"model": "insights.recommendation", "pk": 255, "fields": {"assessment": 54, "pillar": "Ethical Practice", "recommendation_text": "Continue firm commitment to ethical business practices"}}, {"model": "insights.recommendation", "pk": 256, "fields": {"assessment": 54, "pillar": "Ethical Practice", "recommendation_text": "Establish a robust compliance and ethics training program"}}, {"model": "insights.recommendation", "pk": 257, "fields": {"assessment": 59, "pillar": "HR Expertise", "recommendation_text": "Continue to align HR strategies with overall business objectives to maintain its perception as a strategic asset."}}, {"model": "insights.recommendation", "pk": 258, "fields": {"assessment": 59, "pillar": "HR Expertise", "recommendation_text": "Explore more features of Rippling to optimize its use and maximize benefits for the organization."}}, {"model": "insights.recommendation", "pk": 259, "fields": {"assessment": 59, "pillar": "Communication", "recommendation_text": "Promote an open communication culture within the organization to ensure all voices are heard."}}, {"model": "insights.recommendation", "pk": 260, "fields": {"assessment": 59, "pillar": "Communication", "recommendation_text": "Implement effective communication platforms for smooth two-way communication."}}, {"model": "insights.recommendation", "pk": 261, "fields": {"assessment": 59, "pillar": "Strategic Thinking", "recommendation_text": "Ensure that all HR goals are consistently aligned with the company's OKRs."}}, {"model": "insights.recommendation", "pk": 262, "fields": {"assessment": 59, "pillar": "Strategic Thinking", "recommendation_text": "Regularly review and adjust HR goals to reflect changes in company OKRs."}}, {"model": "insights.recommendation", "pk": 263, "fields": {"assessment": 59, "pillar": "People Leadership", "recommendation_text": "Continue to focus on intentional development of employees to build a strong talent pool."}}, {"model": "insights.recommendation", "pk": 264, "fields": {"assessment": 59, "pillar": "People Leadership", "recommendation_text": "Implement a structured leadership development program to further enhance people leadership skills."}}, {"model": "insights.recommendation", "pk": 265, "fields": {"assessment": 59, "pillar": "Innovation and Change Management", "recommendation_text": "Foster a culture of innovation by encouraging 'test and learn' approach."}}, {"model": "insights.recommendation", "pk": 266, "fields": {"assessment": 59, "pillar": "Innovation and Change Management", "recommendation_text": "Implement a change management process that supports the testing and learning of new ideas."}}, {"model": "insights.recommendation", "pk": 267, "fields": {"assessment": 60, "pillar": "HR Expertise", "recommendation_text": "Continue to position HR as a strategic partner in the business, driving key initiatives and policies."}}, {"model": "insights.recommendation", "pk": 268, "fields": {"assessment": 60, "pillar": "HR Expertise", "recommendation_text": "Further leverage HR tools like 'Rippling' to streamline processes and improve efficiency."}}, {"model": "insights.recommendation", "pk": 269, "fields": {"assessment": 60, "pillar": "Communication", "recommendation_text": "Promote open and two-way communication channels to ensure feedback and ideas are shared effectively."}}, {"model": "insights.recommendation", "pk": 270, "fields": {"assessment": 60, "pillar": "Communication", "recommendation_text": "Consider implementing regular town halls or feedback sessions to foster open communication."}}, {"model": "insights.recommendation", "pk": 271, "fields": {"assessment": 60, "pillar": "Strategic Thinking", "recommendation_text": "Ensure HR goals are always tightly aligned with company-wide OKRs to drive unified progress."}}, {"model": "insights.recommendation", "pk": 272, "fields": {"assessment": 60, "pillar": "Strategic Thinking", "recommendation_text": "Continually review and update HR goals to ensure they reflect evolving company objectives."}}, {"model": "insights.recommendation", "pk": 273, "fields": {"assessment": 60, "pillar": "People Leadership", "recommendation_text": "Focus on providing intentional development opportunities for team members to aid in their personal and professional growth."}}, {"model": "insights.recommendation", "pk": 274, "fields": {"assessment": 60, "pillar": "People Leadership", "recommendation_text": "Consider implementing a mentorship or coaching program to further foster growth and development."}}, {"model": "insights.recommendation", "pk": 275, "fields": {"assessment": 60, "pillar": "Innovation and Change Management", "recommendation_text": "Promote a culture of innovation and continuous learning by encouraging testing of new ideas and learning from outcomes."}}, {"model": "insights.recommendation", "pk": 276, "fields": {"assessment": 60, "pillar": "Innovation and Change Management", "recommendation_text": "Implement a structured approach to change management to ensure changes are effectively managed and communicated."}}, {"model": "insights.recommendation", "pk": 277, "fields": {"assessment": 61, "pillar": "Consultation", "recommendation_text": "Continue proactive identification of potential issues and develop preventative measures."}}, {"model": "insights.recommendation", "pk": 278, "fields": {"assessment": 61, "pillar": "Consultation", "recommendation_text": "Improve training programs to equip HR team with the latest tools and methodologies for effective consultation."}}, {"model": "insights.recommendation", "pk": 279, "fields": {"assessment": 61, "pillar": "Communication", "recommendation_text": "Establish more structured and frequent communication channels between the executive team and other departments."}}, {"model": "insights.recommendation", "pk": 280, "fields": {"assessment": 61, "pillar": "Communication", "recommendation_text": "Consider implementing a knowledge sharing platform to increase transparency and the flow of information."}}, {"model": "insights.recommendation", "pk": 281, "fields": {"assessment": 61, "pillar": "Ethical Practice", "recommendation_text": "Maintain and reinforce a strong ethical culture within the organization."}}, {"model": "insights.recommendation", "pk": 282, "fields": {"assessment": 61, "pillar": "Ethical Practice", "recommendation_text": "Implement comprehensive training on ethical decision-making for all employees."}}, {"model": "insights.recommendation", "pk": 283, "fields": {"assessment": 62, "pillar": "HR Expertise", "recommendation_text": "Continue to leverage HR tools like Rippling to streamline processes and increase efficiency."}}, {"model": "insights.recommendation", "pk": 284, "fields": {"assessment": 62, "pillar": "HR Expertise", "recommendation_text": "Consider training sessions to ensure all team members are fully aware of how to use HR tools to their advantage."}}, {"model": "insights.recommendation", "pk": 285, "fields": {"assessment": 62, "pillar": "Consultation", "recommendation_text": "Ensure HR continues to be involved in strategic decision-making processes."}}, {"model": "insights.recommendation", "pk": 286, "fields": {"assessment": 62, "pillar": "Consultation", "recommendation_text": "Consider implementing a feedback system to allow for continuous improvement of consultation procedures."}}, {"model": "insights.recommendation", "pk": 287, "fields": {"assessment": 62, "pillar": "Communication", "recommendation_text": "Ensure survey results are shared transparently and promptly."}}, {"model": "insights.recommendation", "pk": 288, "fields": {"assessment": 62, "pillar": "Communication", "recommendation_text": "Consider implementing a regular communication schedule to keep all team members updated on key HR initiatives and updates."}}, {"model": "insights.recommendation", "pk": 289, "fields": {"assessment": 62, "pillar": "Strategic Thinking", "recommendation_text": "Continue to align HR goals with overall company OKRs to ensure strategic alignment."}}, {"model": "insights.recommendation", "pk": 290, "fields": {"assessment": 62, "pillar": "Strategic Thinking", "recommendation_text": "Consider regular review sessions to track progress towards these goals and make adjustments as necessary."}}, {"model": "insights.recommendation", "pk": 291, "fields": {"assessment": 63, "pillar": "HR Expertise", "recommendation_text": "Consider offering additional training to employees to enhance their understanding of tools like Rippling."}}, {"model": "insights.recommendation", "pk": 292, "fields": {"assessment": 63, "pillar": "HR Expertise", "recommendation_text": "Encourage employees to make better use of HR tools like Rippling to improve efficiency and productivity."}}, {"model": "insights.recommendation", "pk": 293, "fields": {"assessment": 63, "pillar": "Consultation", "recommendation_text": "Ensure that HR is involved in major strategic decisions to ensure that employee interests are represented."}}, {"model": "insights.recommendation", "pk": 294, "fields": {"assessment": 63, "pillar": "Consultation", "recommendation_text": "Consider setting up regular meetings where HR can provide insights and advice to the rest of the organization."}}, {"model": "insights.recommendation", "pk": 295, "fields": {"assessment": 63, "pillar": "Communication", "recommendation_text": "Make sure to regularly communicate survey results and any subsequent actions to employees."}}, {"model": "insights.recommendation", "pk": 296, "fields": {"assessment": 63, "pillar": "Communication", "recommendation_text": "Consider using more interactive ways to share survey results, like infographics or presentations, to increase engagement and understanding."}}, {"model": "insights.recommendation", "pk": 297, "fields": {"assessment": 63, "pillar": "Strategic Thinking", "recommendation_text": "Ensure that HR goals are always in alignment with the companys overall objectives and key results (OKRs)."}}, {"model": "insights.recommendation", "pk": 298, "fields": {"assessment": 63, "pillar": "Strategic Thinking", "recommendation_text": "Consider holding regular reviews to ensure that HR goals remain relevant and supportive of the companys broader strategic direction."}}, {"model": "insights.recommendation", "pk": 299, "fields": {"assessment": 64, "pillar": "HR Expertise", "recommendation_text": "Continue to integrate and optimize the use of Rippling in HR processes to improve efficiency and productivity."}}, {"model": "insights.recommendation", "pk": 300, "fields": {"assessment": 64, "pillar": "HR Expertise", "recommendation_text": "Invest in training and professional development to further enhance HR expertise and keep up with emerging trends and software."}}, {"model": "insights.recommendation", "pk": 301, "fields": {"assessment": 64, "pillar": "Consultation", "recommendation_text": "Ensure that HR continues to have an active and impactful role in the decision-making process."}}, {"model": "insights.recommendation", "pk": 302, "fields": {"assessment": 64, "pillar": "Consultation", "recommendation_text": "Promote open discussion and encourage inputs from HR in strategic meetings and discussions."}}, {"model": "insights.recommendation", "pk": 303, "fields": {"assessment": 64, "pillar": "Communication", "recommendation_text": "Consistently share survey results and feedback with all team members to promote transparency and trust."}}, {"model": "insights.recommendation", "pk": 304, "fields": {"assessment": 64, "pillar": "Communication", "recommendation_text": "Improve on communication channels to ensure effective dissemination of information."}}, {"model": "insights.recommendation", "pk": 305, "fields": {"assessment": 64, "pillar": "Strategic Thinking", "recommendation_text": "Continue aligning HR goals with the overall company objectives and key results (OKRs)."}}, {"model": "insights.recommendation", "pk": 306, "fields": {"assessment": 64, "pillar": "Strategic Thinking", "recommendation_text": "Regularly review and update HR strategies to ensure they are in line with the evolving company goals."}}, {"model": "insights.recommendation", "pk": 307, "fields": {"assessment": 65, "pillar": "HR Expertise", "recommendation_text": "Consider offering training sessions for the team to better utilize HR tools like Rippling."}}, {"model": "insights.recommendation", "pk": 308, "fields": {"assessment": 65, "pillar": "HR Expertise", "recommendation_text": "Evaluate the effectiveness and efficiency of using Rippling and explore other HR tools if necessary."}}, {"model": "insights.recommendation", "pk": 309, "fields": {"assessment": 65, "pillar": "Consultation", "recommendation_text": "Ensure HR representatives are involved in strategic decision-making processes in the company."}}, {"model": "insights.recommendation", "pk": 310, "fields": {"assessment": 65, "pillar": "Consultation", "recommendation_text": "Regularly evaluate the impact of HR's contribution to the company's direction and make necessary adjustments."}}, {"model": "insights.recommendation", "pk": 311, "fields": {"assessment": 65, "pillar": "Communication", "recommendation_text": "Improve transparency and clarity by regularly sharing survey results with the team."}}, {"model": "insights.recommendation", "pk": 312, "fields": {"assessment": 65, "pillar": "Communication", "recommendation_text": "Implement a process to act upon the feedback received from the surveys."}}, {"model": "insights.recommendation", "pk": 313, "fields": {"assessment": 65, "pillar": "Strategic Thinking", "recommendation_text": "Ensure HR goals are always aligned with the company's overall objectives."}}, {"model": "insights.recommendation", "pk": 314, "fields": {"assessment": 65, "pillar": "Strategic Thinking", "recommendation_text": "Regularly review and update HR goals based on changes in company OKRs."}}, {"model": "insights.quote", "pk": 1, "fields": {"assessment": 4, "pillar": "Consultation", "quote_text": "HR flagged this before it became an issue"}}, {"model": "insights.quote", "pk": 2, "fields": {"assessment": 4, "pillar": "Communication", "quote_text": "Exec team syncs"}}, {"model": "insights.quote", "pk": 3, "fields": {"assessment": 4, "pillar": "Ethical Practice", "quote_text": "We walked away from that deal"}}, {"model": "insights.quote", "pk": 4, "fields": {"assessment": 5, "pillar": "Consultation", "quote_text": "HR flagged this before it became an issue"}}, {"model": "insights.quote", "pk": 5, "fields": {"assessment": 5, "pillar": "Communication", "quote_text": "Exec team syncs"}}, {"model": "insights.quote", "pk": 6, "fields": {"assessment": 5, "pillar": "Ethical Practice", "quote_text": "We walked away from that deal"}}, {"model": "insights.quote", "pk": 7, "fields": {"assessment": 6, "pillar": "Consultation", "quote_text": "HR flagged this before it became an issue"}}, {"model": "insights.quote", "pk": 8, "fields": {"assessment": 6, "pillar": "Communication", "quote_text": "Exec team syncs"}}, {"model": "insights.quote", "pk": 9, "fields": {"assessment": 6, "pillar": "Ethical Practice", "quote_text": "We walked away from that deal"}}, {"model": "insights.quote", "pk": 10, "fields": {"assessment": 8, "pillar": "Consultation", "quote_text": "HR flagged this before it became an issue"}}, {"model": "insights.quote", "pk": 11, "fields": {"assessment": 8, "pillar": "Communication", "quote_text": "Exec team syncs"}}, {"model": "insights.quote", "pk": 12, "fields": {"assessment": 8, "pillar": "Ethical Practice", "quote_text": "We walked away from that deal"}}, {"model": "insights.quote", "pk": 13, "fields": {"assessment": 9, "pillar": "Consultation", "quote_text": "HR flagged this before it became an issue"}}, {"model": "insights.quote", "pk": 14, "fields": {"assessment": 9, "pillar": "Communication", "quote_text": "Exec team syncs"}}, {"model": "insights.quote", "pk": 15, "fields": {"assessment": 9, "pillar": "Ethical Practice", "quote_text": "We walked away from that deal"}}, {"model": "insights.quote", "pk": 16, "fields": {"assessment": 10, "pillar": "HR Expertise", "quote_text": "Manual onboarding"}}, {"model": "insights.quote", "pk": 17, "fields": {"assessment": 10, "pillar": "HR Expertise", "quote_text": "Partnering with business leaders"}}, {"model": "insights.quote", "pk": 18, "fields": {"assessment": 10, "pillar": "HR Expertise", "quote_text": "Using Rippling"}}, {"model": "insights.quote", "pk": 19, "fields": {"assessment": 10, "pillar": "Communication", "quote_text": "Exec team syncs"}}, {"model": "insights.quote", "pk": 20, "fields": {"assessment": 10, "pillar": "Communication", "quote_text": "clear manager talking points"}}, {"model": "insights.quote", "pk": 21, "fields": {"assessment": 10, "pillar": "Communication", "quote_text": "Survey results"}}, {"model": "insights.quote", "pk": 22, "fields": {"assessment": 10, "pillar": "Communication", "quote_text": "2-way communication"}}, {"model": "insights.quote", "pk": 23, "fields": {"assessment": 10, "pillar": "Leadership & Navigation", "quote_text": "We have a north star"}}, {"model": "insights.quote", "pk": 24, "fields": {"assessment": 10, "pillar": "Leadership & Navigation", "quote_text": "Quick pivot during change"}}, {"model": "insights.quote", "pk": 25, "fields": {"assessment": 11, "pillar": "Consultation", "quote_text": "HR flagged this before it became an issue"}}, {"model": "insights.quote", "pk": 26, "fields": {"assessment": 11, "pillar": "Communication", "quote_text": "Exec team syncs"}}, {"model": "insights.quote", "pk": 27, "fields": {"assessment": 11, "pillar": "Ethical Practice", "quote_text": "We walked away from that deal"}}, {"model": "insights.quote", "pk": 28, "fields": {"assessment": 12, "pillar": "Consultation", "quote_text": "HR flagged this before it became an issue"}}, {"model": "insights.quote", "pk": 29, "fields": {"assessment": 12, "pillar": "Communication", "quote_text": "Exec team syncs"}}, {"model": "insights.quote", "pk": 30, "fields": {"assessment": 12, "pillar": "Ethical Practice", "quote_text": "We walked away from that deal"}}, {"model": "insights.quote", "pk": 31, "fields": {"assessment": 13, "pillar": "Consultation", "quote_text": "HR flagged this before it became an issue"}}, {"model": "insights.quote", "pk": 32, "fields": {"assessment": 13, "pillar": "Communication", "quote_text": "Exec team syncs"}}, {"model": "insights.quote", "pk": 33, "fields": {"assessment": 13, "pillar": "Ethical Practice", "quote_text": "We walked away from that deal"}}, {"model": "insights.quote", "pk": 34, "fields": {"assessment": 14, "pillar": "Consultation", "quote_text": "HR flagged this before it became an issue"}}, {"model": "insights.quote", "pk": 35, "fields": {"assessment": 14, "pillar": "Communication", "quote_text": "Exec team syncs"}}, {"model": "insights.quote", "pk": 36, "fields": {"assessment": 14, "pillar": "Ethical Practice", "quote_text": "We walked away from that deal"}}, {"model": "insights.quote", "pk": 37, "fields": {"assessment": 15, "pillar": "Consultation", "quote_text": "HR flagged this before it became an issue"}}, {"model": "insights.quote", "pk": 38, "fields": {"assessment": 15, "pillar": "Communication", "quote_text": "Exec team syncs"}}, {"model": "insights.quote", "pk": 39, "fields": {"assessment": 15, "pillar": "Ethical Practice", "quote_text": "We walked away from that deal"}}, {"model": "insights.quote", "pk": 40, "fields": {"assessment": 16, "pillar": "Consultation", "quote_text": "HR flagged this before it became an issue"}}, {"model": "insights.quote", "pk": 41, "fields": {"assessment": 16, "pillar": "Communication", "quote_text": "Exec team syncs"}}, {"model": "insights.quote", "pk": 42, "fields": {"assessment": 16, "pillar": "Ethical Practice", "quote_text": "We walked away from that deal"}}, {"model": "insights.quote", "pk": 43, "fields": {"assessment": 17, "pillar": "Consultation", "quote_text": "HR flagged this before it became an issue"}}, {"model": "insights.quote", "pk": 44, "fields": {"assessment": 17, "pillar": "Communication", "quote_text": "Exec team syncs"}}, {"model": "insights.quote", "pk": 45, "fields": {"assessment": 17, "pillar": "Ethical Practice", "quote_text": "We walked away from that deal"}}, {"model": "insights.quote", "pk": 46, "fields": {"assessment": 18, "pillar": "Consultation", "quote_text": "HR flagged this before it became an issue"}}, {"model": "insights.quote", "pk": 47, "fields": {"assessment": 18, "pillar": "Communication", "quote_text": "Exec team syncs"}}, {"model": "insights.quote", "pk": 48, "fields": {"assessment": 18, "pillar": "Ethical Practice", "quote_text": "We walked away from that deal"}}, {"model": "insights.quote", "pk": 49, "fields": {"assessment": 19, "pillar": "Consultation", "quote_text": "HR flagged this before it became an issue"}}, {"model": "insights.quote", "pk": 50, "fields": {"assessment": 19, "pillar": "Communication", "quote_text": "Exec team syncs"}}, {"model": "insights.quote", "pk": 51, "fields": {"assessment": 19, "pillar": "Ethical Practice", "quote_text": "We walked away from that deal"}}, {"model": "insights.quote", "pk": 52, "fields": {"assessment": 20, "pillar": "Consultation", "quote_text": "HR flagged this before it became an issue"}}, {"model": "insights.quote", "pk": 53, "fields": {"assessment": 20, "pillar": "Communication", "quote_text": "Exec team syncs"}}, {"model": "insights.quote", "pk": 54, "fields": {"assessment": 20, "pillar": "Ethical Practice", "quote_text": "We walked away from that deal"}}, {"model": "insights.quote", "pk": 55, "fields": {"assessment": 21, "pillar": "Consultation", "quote_text": "HR flagged this before it became an issue"}}, {"model": "insights.quote", "pk": 56, "fields": {"assessment": 21, "pillar": "Communication", "quote_text": "Exec team syncs"}}, {"model": "insights.quote", "pk": 57, "fields": {"assessment": 21, "pillar": "Ethical Practice", "quote_text": "We walked away from that deal"}}, {"model": "insights.quote", "pk": 58, "fields": {"assessment": 22, "pillar": "Consultation", "quote_text": "HR flagged this before it became an issue"}}, {"model": "insights.quote", "pk": 59, "fields": {"assessment": 22, "pillar": "Communication", "quote_text": "Exec team syncs"}}, {"model": "insights.quote", "pk": 60, "fields": {"assessment": 22, "pillar": "Ethical Practice", "quote_text": "We walked away from that deal"}}, {"model": "insights.quote", "pk": 61, "fields": {"assessment": 23, "pillar": "Consultation", "quote_text": "HR flagged this before it became an issue"}}, {"model": "insights.quote", "pk": 62, "fields": {"assessment": 23, "pillar": "Communication", "quote_text": "Exec team syncs"}}, {"model": "insights.quote", "pk": 63, "fields": {"assessment": 23, "pillar": "Ethical Practice", "quote_text": "We walked away from that deal"}}, {"model": "insights.quote", "pk": 64, "fields": {"assessment": 24, "pillar": "Consultation", "quote_text": "HR flagged this before it became an issue"}}, {"model": "insights.quote", "pk": 65, "fields": {"assessment": 24, "pillar": "Communication", "quote_text": "Exec team syncs"}}, {"model": "insights.quote", "pk": 66, "fields": {"assessment": 24, "pillar": "Ethical Practice", "quote_text": "We walked away from that deal"}}, {"model": "insights.quote", "pk": 67, "fields": {"assessment": 25, "pillar": "Consultation", "quote_text": "HR flagged this before it became an issue"}}, {"model": "insights.quote", "pk": 68, "fields": {"assessment": 25, "pillar": "Communication", "quote_text": "Exec team syncs"}}, {"model": "insights.quote", "pk": 69, "fields": {"assessment": 25, "pillar": "Ethical Practice", "quote_text": "We walked away from that deal"}}, {"model": "insights.quote", "pk": 70, "fields": {"assessment": 26, "pillar": "Consultation", "quote_text": "HR flagged this before it became an issue"}}, {"model": "insights.quote", "pk": 71, "fields": {"assessment": 26, "pillar": "Communication", "quote_text": "Exec team syncs"}}, {"model": "insights.quote", "pk": 72, "fields": {"assessment": 26, "pillar": "Ethical Practice", "quote_text": "We walked away from that deal"}}, {"model": "insights.quote", "pk": 73, "fields": {"assessment": 27, "pillar": "Consultation", "quote_text": "HR flagged this before it became an issue"}}, {"model": "insights.quote", "pk": 74, "fields": {"assessment": 27, "pillar": "Communication", "quote_text": "Exec team syncs"}}, {"model": "insights.quote", "pk": 75, "fields": {"assessment": 27, "pillar": "Ethical Practice", "quote_text": "We walked away from that deal"}}, {"model": "insights.quote", "pk": 76, "fields": {"assessment": 28, "pillar": "Consultation", "quote_text": "HR flagged this before it became an issue"}}, {"model": "insights.quote", "pk": 77, "fields": {"assessment": 28, "pillar": "Communication", "quote_text": "Exec team syncs"}}, {"model": "insights.quote", "pk": 78, "fields": {"assessment": 28, "pillar": "Ethical Practice", "quote_text": "We walked away from that deal"}}, {"model": "insights.quote", "pk": 79, "fields": {"assessment": 29, "pillar": "Consultation", "quote_text": "HR flagged this before it became an issue"}}, {"model": "insights.quote", "pk": 80, "fields": {"assessment": 29, "pillar": "Communication", "quote_text": "Exec team syncs"}}, {"model": "insights.quote", "pk": 81, "fields": {"assessment": 29, "pillar": "Ethical Practice", "quote_text": "We walked away from that deal"}}, {"model": "insights.quote", "pk": 82, "fields": {"assessment": 30, "pillar": "HR Expertise", "quote_text": "Manual onboarding"}}, {"model": "insights.quote", "pk": 83, "fields": {"assessment": 30, "pillar": "HR Expertise", "quote_text": "Partnering with business leaders"}}, {"model": "insights.quote", "pk": 84, "fields": {"assessment": 30, "pillar": "HR Expertise", "quote_text": "Using Rippling"}}, {"model": "insights.quote", "pk": 85, "fields": {"assessment": 30, "pillar": "Communication", "quote_text": "Exec team syncs"}}, {"model": "insights.quote", "pk": 86, "fields": {"assessment": 30, "pillar": "Communication", "quote_text": "clear manager talking points"}}, {"model": "insights.quote", "pk": 87, "fields": {"assessment": 30, "pillar": "Communication", "quote_text": "Survey results"}}, {"model": "insights.quote", "pk": 88, "fields": {"assessment": 30, "pillar": "Communication", "quote_text": "2-way communication"}}, {"model": "insights.quote", "pk": 89, "fields": {"assessment": 30, "pillar": "Leadership & Navigation", "quote_text": "We have a north star"}}, {"model": "insights.quote", "pk": 90, "fields": {"assessment": 30, "pillar": "Leadership & Navigation", "quote_text": "Quick pivot during change"}}, {"model": "insights.quote", "pk": 91, "fields": {"assessment": 31, "pillar": "HR Expertise", "quote_text": "Manual onboarding"}}, {"model": "insights.quote", "pk": 92, "fields": {"assessment": 31, "pillar": "HR Expertise", "quote_text": "paper files"}}, {"model": "insights.quote", "pk": 93, "fields": {"assessment": 31, "pillar": "HR Expertise", "quote_text": "Partnering with business leaders"}}, {"model": "insights.quote", "pk": 94, "fields": {"assessment": 31, "pillar": "Communication", "quote_text": "Depends on who you ask"}}, {"model": "insights.quote", "pk": 95, "fields": {"assessment": 31, "pillar": "Communication", "quote_text": "Exec team syncs"}}, {"model": "insights.quote", "pk": 96, "fields": {"assessment": 31, "pillar": "Communication", "quote_text": "clear manager talking points"}}, {"model": "insights.quote", "pk": 97, "fields": {"assessment": 31, "pillar": "Communication", "quote_text": "Survey results"}}, {"model": "insights.quote", "pk": 98, "fields": {"assessment": 31, "pillar": "Communication", "quote_text": "2-way communication"}}, {"model": "insights.quote", "pk": 99, "fields": {"assessment": 31, "pillar": "Leadership & Navigation", "quote_text": "We have a north star"}}, {"model": "insights.quote", "pk": 100, "fields": {"assessment": 31, "pillar": "Leadership & Navigation", "quote_text": "Quick pivot during change"}}, {"model": "insights.quote", "pk": 101, "fields": {"assessment": 33, "pillar": "HR Expertise", "quote_text": "Manual onboarding"}}, {"model": "insights.quote", "pk": 102, "fields": {"assessment": 33, "pillar": "HR Expertise", "quote_text": "Partnering with business leaders"}}, {"model": "insights.quote", "pk": 103, "fields": {"assessment": 33, "pillar": "HR Expertise", "quote_text": "Using Rippling"}}, {"model": "insights.quote", "pk": 104, "fields": {"assessment": 33, "pillar": "Communication", "quote_text": "Exec team syncs"}}, {"model": "insights.quote", "pk": 105, "fields": {"assessment": 33, "pillar": "Communication", "quote_text": "clear manager talking points"}}, {"model": "insights.quote", "pk": 106, "fields": {"assessment": 33, "pillar": "Communication", "quote_text": "Survey results"}}, {"model": "insights.quote", "pk": 107, "fields": {"assessment": 33, "pillar": "Communication", "quote_text": "2-way communication"}}, {"model": "insights.quote", "pk": 108, "fields": {"assessment": 33, "pillar": "Leadership & Navigation", "quote_text": "We have a north star"}}, {"model": "insights.quote", "pk": 109, "fields": {"assessment": 33, "pillar": "Leadership & Navigation", "quote_text": "Quick pivot during change"}}, {"model": "insights.quote", "pk": 110, "fields": {"assessment": 34, "pillar": "HR Expertise", "quote_text": "Manual onboarding"}}, {"model": "insights.quote", "pk": 111, "fields": {"assessment": 34, "pillar": "HR Expertise", "quote_text": "Partnering with business leaders"}}, {"model": "insights.quote", "pk": 112, "fields": {"assessment": 34, "pillar": "HR Expertise", "quote_text": "Using Rippling"}}, {"model": "insights.quote", "pk": 113, "fields": {"assessment": 34, "pillar": "Communication", "quote_text": "Exec team syncs"}}, {"model": "insights.quote", "pk": 114, "fields": {"assessment": 34, "pillar": "Communication", "quote_text": "clear manager talking points"}}, {"model": "insights.quote", "pk": 115, "fields": {"assessment": 34, "pillar": "Communication", "quote_text": "2-way communication"}}, {"model": "insights.quote", "pk": 116, "fields": {"assessment": 34, "pillar": "Leadership & Navigation", "quote_text": "We have a north star"}}, {"model": "insights.quote", "pk": 117, "fields": {"assessment": 34, "pillar": "Leadership & Navigation", "quote_text": "Quick pivot during change"}}, {"model": "insights.quote", "pk": 118, "fields": {"assessment": 35, "pillar": "HR Expertise", "quote_text": "Manual onboarding"}}, {"model": "insights.quote", "pk": 119, "fields": {"assessment": 35, "pillar": "HR Expertise", "quote_text": "paper files"}}, {"model": "insights.quote", "pk": 120, "fields": {"assessment": 35, "pillar": "HR Expertise", "quote_text": "Partnering with business leaders"}}, {"model": "insights.quote", "pk": 121, "fields": {"assessment": 35, "pillar": "HR Expertise", "quote_text": "Using Rippling"}}, {"model": "insights.quote", "pk": 122, "fields": {"assessment": 35, "pillar": "Communication", "quote_text": "Exec team syncs"}}, {"model": "insights.quote", "pk": 123, "fields": {"assessment": 35, "pillar": "Communication", "quote_text": "clear manager talking points"}}, {"model": "insights.quote", "pk": 124, "fields": {"assessment": 35, "pillar": "Communication", "quote_text": "Survey results"}}, {"model": "insights.quote", "pk": 125, "fields": {"assessment": 35, "pillar": "Communication", "quote_text": "2-way communication"}}, {"model": "insights.quote", "pk": 126, "fields": {"assessment": 35, "pillar": "Leadership & Navigation", "quote_text": "We have a north star"}}, {"model": "insights.quote", "pk": 127, "fields": {"assessment": 35, "pillar": "Leadership & Navigation", "quote_text": "Quick pivot during change"}}, {"model": "insights.quote", "pk": 128, "fields": {"assessment": 36, "pillar": "HR Expertise", "quote_text": "Manual onboarding"}}, {"model": "insights.quote", "pk": 129, "fields": {"assessment": 36, "pillar": "HR Expertise", "quote_text": "Partnering with business leaders"}}, {"model": "insights.quote", "pk": 130, "fields": {"assessment": 36, "pillar": "HR Expertise", "quote_text": "Using Rippling"}}, {"model": "insights.quote", "pk": 131, "fields": {"assessment": 36, "pillar": "Communication", "quote_text": "Exec team syncs"}}, {"model": "insights.quote", "pk": 132, "fields": {"assessment": 36, "pillar": "Communication", "quote_text": "clear manager talking points"}}, {"model": "insights.quote", "pk": 133, "fields": {"assessment": 36, "pillar": "Communication", "quote_text": "Survey results"}}, {"model": "insights.quote", "pk": 134, "fields": {"assessment": 36, "pillar": "Communication", "quote_text": "2-way communication"}}, {"model": "insights.quote", "pk": 135, "fields": {"assessment": 36, "pillar": "Leadership & Navigation", "quote_text": "We have a north star"}}, {"model": "insights.quote", "pk": 136, "fields": {"assessment": 36, "pillar": "Leadership & Navigation", "quote_text": "Quick pivot during change"}}, {"model": "insights.quote", "pk": 137, "fields": {"assessment": 41, "pillar": "Consultation", "quote_text": "HR flagged this before it became an issue"}}, {"model": "insights.quote", "pk": 138, "fields": {"assessment": 41, "pillar": "Communication", "quote_text": "Exec team syncs"}}, {"model": "insights.quote", "pk": 139, "fields": {"assessment": 41, "pillar": "Ethical Practice", "quote_text": "We walked away from that deal"}}, {"model": "insights.quote", "pk": 140, "fields": {"assessment": 46, "pillar": "HR Expertise", "quote_text": "Manual onboarding"}}, {"model": "insights.quote", "pk": 141, "fields": {"assessment": 46, "pillar": "Critical Evaluation", "quote_text": "We used exit data to shift strategy"}}, {"model": "insights.quote", "pk": 142, "fields": {"assessment": 46, "pillar": "Strategic Thinking", "quote_text": "HR goals tie to company OKRs"}}, {"model": "insights.quote", "pk": 143, "fields": {"assessment": 46, "pillar": "Execution Excellence", "quote_text": "Things fall through the cracks"}}, {"model": "insights.quote", "pk": 144, "fields": {"assessment": 47, "pillar": "Strategic Thinking", "quote_text": "HR goals aren't linked to business"}}, {"model": "insights.quote", "pk": 145, "fields": {"assessment": 47, "pillar": "Execution Excellence", "quote_text": "We hit our onboarding goals"}}, {"model": "insights.quote", "pk": 146, "fields": {"assessment": 47, "pillar": "Execution Excellence", "quote_text": "Tight process, clear metrics"}}, {"model": "insights.quote", "pk": 147, "fields": {"assessment": 47, "pillar": "Influence and Collaboration", "quote_text": "Works well with Product/Eng"}}, {"model": "insights.quote", "pk": 148, "fields": {"assessment": 48, "pillar": "Critical Evaluation", "quote_text": "We layer engagement + attrition"}}, {"model": "insights.quote", "pk": 149, "fields": {"assessment": 48, "pillar": "Strategic Thinking", "quote_text": "We modeled a few outcomes"}}, {"model": "insights.quote", "pk": 150, "fields": {"assessment": 48, "pillar": "Strategic Thinking", "quote_text": "HR goals tie to company OKRs"}}, {"model": "insights.quote", "pk": 151, "fields": {"assessment": 48, "pillar": "Execution Excellence", "quote_text": "It takes too long to hire"}}, {"model": "insights.quote", "pk": 152, "fields": {"assessment": 49, "pillar": "Critical Evaluation", "quote_text": "We used exit data to shift strategy"}}, {"model": "insights.quote", "pk": 153, "fields": {"assessment": 49, "pillar": "Strategic Thinking", "quote_text": "HR goals tie to company OKRs"}}, {"model": "insights.quote", "pk": 154, "fields": {"assessment": 49, "pillar": "Execution Excellence", "quote_text": "We hit our onboarding goals"}}, {"model": "insights.quote", "pk": 155, "fields": {"assessment": 49, "pillar": "Innovation and Change Management", "quote_text": "Let's test and learn"}}, {"model": "insights.quote", "pk": 156, "fields": {"assessment": 50, "pillar": "HR Expertise", "quote_text": "Manual onboarding"}}, {"model": "insights.quote", "pk": 157, "fields": {"assessment": 50, "pillar": "HR Expertise", "quote_text": "Partnering with business leaders"}}, {"model": "insights.quote", "pk": 158, "fields": {"assessment": 50, "pillar": "HR Expertise", "quote_text": "Using Rippling"}}, {"model": "insights.quote", "pk": 159, "fields": {"assessment": 50, "pillar": "Communication", "quote_text": "Exec team syncs"}}, {"model": "insights.quote", "pk": 160, "fields": {"assessment": 50, "pillar": "Communication", "quote_text": "Clear manager talking points"}}, {"model": "insights.quote", "pk": 161, "fields": {"assessment": 50, "pillar": "Communication", "quote_text": "Survey results"}}, {"model": "insights.quote", "pk": 162, "fields": {"assessment": 50, "pillar": "Communication", "quote_text": "2-way communication"}}, {"model": "insights.quote", "pk": 163, "fields": {"assessment": 50, "pillar": "Leadership & Navigation", "quote_text": "We have a north star"}}, {"model": "insights.quote", "pk": 164, "fields": {"assessment": 50, "pillar": "Leadership & Navigation", "quote_text": "Quick pivot during change"}}, {"model": "insights.quote", "pk": 165, "fields": {"assessment": 51, "pillar": "Leadership & Navigation", "quote_text": "Starts but doesn't finish"}}, {"model": "insights.quote", "pk": 166, "fields": {"assessment": 51, "pillar": "Critical Evaluation", "quote_text": "We layer engagement + attrition"}}, {"model": "insights.quote", "pk": 167, "fields": {"assessment": 51, "pillar": "Strategic Thinking", "quote_text": "We modeled a few outcomes"}}, {"model": "insights.quote", "pk": 168, "fields": {"assessment": 51, "pillar": "Strategic Thinking", "quote_text": "HR goals tie to company OKRs"}}, {"model": "insights.quote", "pk": 169, "fields": {"assessment": 51, "pillar": "Execution Excellence", "quote_text": "We hit our onboarding goals"}}, {"model": "insights.quote", "pk": 170, "fields": {"assessment": 51, "pillar": "Execution Excellence", "quote_text": "Tight process, clear metrics"}}, {"model": "insights.quote", "pk": 171, "fields": {"assessment": 52, "pillar": "HR Expertise", "quote_text": "Using Rippling"}}, {"model": "insights.quote", "pk": 172, "fields": {"assessment": 52, "pillar": "Consultation", "quote_text": "HR has a seat at the table"}}, {"model": "insights.quote", "pk": 173, "fields": {"assessment": 52, "pillar": "Communication", "quote_text": "Survey results"}}, {"model": "insights.quote", "pk": 174, "fields": {"assessment": 52, "pillar": "Strategic Thinking", "quote_text": "HR goals tie to company OKRs"}}, {"model": "insights.quote", "pk": 175, "fields": {"assessment": 53, "pillar": "HR Expertise", "quote_text": "Using Rippling"}}, {"model": "insights.quote", "pk": 176, "fields": {"assessment": 53, "pillar": "Communication", "quote_text": "Exec team syncs"}}, {"model": "insights.quote", "pk": 177, "fields": {"assessment": 54, "pillar": "HR Expertise", "quote_text": "paper files"}}, {"model": "insights.quote", "pk": 178, "fields": {"assessment": 54, "pillar": "HR Expertise", "quote_text": "Using Rippling"}}, {"model": "insights.quote", "pk": 179, "fields": {"assessment": 54, "pillar": "Consultation", "quote_text": "HR flagged this before it became an issue"}}, {"model": "insights.quote", "pk": 180, "fields": {"assessment": 54, "pillar": "Communication", "quote_text": "Exec team syncs"}}, {"model": "insights.quote", "pk": 181, "fields": {"assessment": 54, "pillar": "Communication", "quote_text": "2-way communication"}}, {"model": "insights.quote", "pk": 182, "fields": {"assessment": 54, "pillar": "Leadership & Navigation", "quote_text": "We have a north star"}}, {"model": "insights.quote", "pk": 183, "fields": {"assessment": 54, "pillar": "Leadership & Navigation", "quote_text": "Quick pivot during change"}}, {"model": "insights.quote", "pk": 184, "fields": {"assessment": 54, "pillar": "Ethical Practice", "quote_text": "We walked away from that deal"}}, {"model": "insights.quote", "pk": 185, "fields": {"assessment": 59, "pillar": "HR Expertise", "quote_text": "HR seen as a strategic asset"}}, {"model": "insights.quote", "pk": 186, "fields": {"assessment": 59, "pillar": "HR Expertise", "quote_text": "Using Rippling"}}, {"model": "insights.quote", "pk": 187, "fields": {"assessment": 59, "pillar": "Communication", "quote_text": "2-way communication"}}, {"model": "insights.quote", "pk": 188, "fields": {"assessment": 59, "pillar": "Strategic Thinking", "quote_text": "HR goals tie to company OKRs"}}, {"model": "insights.quote", "pk": 189, "fields": {"assessment": 59, "pillar": "People Leadership", "quote_text": "Develops others intentionally"}}, {"model": "insights.quote", "pk": 190, "fields": {"assessment": 59, "pillar": "Innovation and Change Management", "quote_text": "Let's test and learn"}}, {"model": "insights.quote", "pk": 191, "fields": {"assessment": 60, "pillar": "HR Expertise", "quote_text": "HR seen as a strategic asset"}}, {"model": "insights.quote", "pk": 192, "fields": {"assessment": 60, "pillar": "HR Expertise", "quote_text": "Using Rippling"}}, {"model": "insights.quote", "pk": 193, "fields": {"assessment": 60, "pillar": "Communication", "quote_text": "2-way communication"}}, {"model": "insights.quote", "pk": 194, "fields": {"assessment": 60, "pillar": "Strategic Thinking", "quote_text": "HR goals tie to company OKRs"}}, {"model": "insights.quote", "pk": 195, "fields": {"assessment": 60, "pillar": "People Leadership", "quote_text": "Develops others intentionally"}}, {"model": "insights.quote", "pk": 196, "fields": {"assessment": 60, "pillar": "Innovation and Change Management", "quote_text": "Let's test and learn"}}, {"model": "insights.quote", "pk": 197, "fields": {"assessment": 61, "pillar": "Consultation", "quote_text": "HR flagged this before it became an issue"}}, {"model": "insights.quote", "pk": 198, "fields": {"assessment": 61, "pillar": "Communication", "quote_text": "Exec team syncs"}}, {"model": "insights.quote", "pk": 199, "fields": {"assessment": 61, "pillar": "Ethical Practice", "quote_text": "We walked away from that deal"}}, {"model": "insights.quote", "pk": 200, "fields": {"assessment": 62, "pillar": "HR Expertise", "quote_text": "Using Rippling"}}, {"model": "insights.quote", "pk": 201, "fields": {"assessment": 62, "pillar": "Consultation", "quote_text": "HR has a seat at the table"}}, {"model": "insights.quote", "pk": 202, "fields": {"assessment": 62, "pillar": "Communication", "quote_text": "Survey results"}}, {"model": "insights.quote", "pk": 203, "fields": {"assessment": 62, "pillar": "Strategic Thinking", "quote_text": "HR goals tie to company OKRs"}}, {"model": "insights.quote", "pk": 204, "fields": {"assessment": 63, "pillar": "HR Expertise", "quote_text": "Using Rippling"}}, {"model": "insights.quote", "pk": 205, "fields": {"assessment": 63, "pillar": "Consultation", "quote_text": "HR has a seat at the table"}}, {"model": "insights.quote", "pk": 206, "fields": {"assessment": 63, "pillar": "Communication", "quote_text": "Survey results"}}, {"model": "insights.quote", "pk": 207, "fields": {"assessment": 63, "pillar": "Strategic Thinking", "quote_text": "HR goals tie to company OKRs"}}, {"model": "insights.quote", "pk": 208, "fields": {"assessment": 64, "pillar": "HR Expertise", "quote_text": "Using Rippling"}}, {"model": "insights.quote", "pk": 209, "fields": {"assessment": 64, "pillar": "Consultation", "quote_text": "HR has a seat at the table"}}, {"model": "insights.quote", "pk": 210, "fields": {"assessment": 64, "pillar": "Communication", "quote_text": "Survey results"}}, {"model": "insights.quote", "pk": 211, "fields": {"assessment": 64, "pillar": "Strategic Thinking", "quote_text": "HR goals tie to company OKRs"}}, {"model": "insights.quote", "pk": 212, "fields": {"assessment": 65, "pillar": "HR Expertise", "quote_text": "Using Rippling"}}, {"model": "insights.quote", "pk": 213, "fields": {"assessment": 65, "pillar": "Consultation", "quote_text": "HR has a seat at the table"}}, {"model": "insights.quote", "pk": 214, "fields": {"assessment": 65, "pillar": "Communication", "quote_text": "Survey results"}}, {"model": "insights.quote", "pk": 215, "fields": {"assessment": 65, "pillar": "Strategic Thinking", "quote_text": "HR goals tie to company OKRs"}}, {"model": "insights.match", "pk": 1, "fields": {"assessment": 4, "pillar": "Consultation", "matched_phrase": "HR flagged this before it became an issue", "input_phrase": "HR flagged this before it became an issue", "score": 20.0}}, {"model": "insights.match", "pk": 2, "fields": {"assessment": 4, "pillar": "Communication", "matched_phrase": "Exec team syncs", "input_phrase": "Exec team syncs", "score": 10.0}}, {"model": "insights.match", "pk": 3, "fields": {"assessment": 4, "pillar": "Ethical Practice", "matched_phrase": "We walked away from that deal", "input_phrase": "We walked away from that deal", "score": 5.0}}, {"model": "insights.match", "pk": 4, "fields": {"assessment": 5, "pillar": "Consultation", "matched_phrase": "HR flagged this before it became an issue", "input_phrase": "HR flagged this before it became an issue", "score": 20.0}}, {"model": "insights.match", "pk": 5, "fields": {"assessment": 5, "pillar": "Communication", "matched_phrase": "Exec team syncs", "input_phrase": "Exec team syncs", "score": 10.0}}, {"model": "insights.match", "pk": 6, "fields": {"assessment": 5, "pillar": "Ethical Practice", "matched_phrase": "We walked away from that deal", "input_phrase": "We walked away from that deal", "score": 5.0}}, {"model": "insights.match", "pk": 7, "fields": {"assessment": 6, "pillar": "Consultation", "matched_phrase": "HR flagged this before it became an issue", "input_phrase": "HR flagged this before it became an issue", "score": 20.0}}, {"model": "insights.match", "pk": 8, "fields": {"assessment": 6, "pillar": "Communication", "matched_phrase": "Exec team syncs", "input_phrase": "Exec team syncs", "score": 10.0}}, {"model": "insights.match", "pk": 9, "fields": {"assessment": 6, "pillar": "Ethical Practice", "matched_phrase": "We walked away from that deal", "input_phrase": "We walked away from that deal", "score": 5.0}}, {"model": "insights.match", "pk": 10, "fields": {"assessment": 7, "pillar": "HR Expertise", "matched_phrase": "Manual onboarding", "input_phrase": "Manual onboarding", "score": -20.0}}, {"model": "insights.match", "pk": 11, "fields": {"assessment": 7, "pillar": "HR Expertise", "matched_phrase": "paper files", "input_phrase": "paper files", "score": -20.0}}, {"model": "insights.match", "pk": 12, "fields": {"assessment": 7, "pillar": "HR Expertise", "matched_phrase": "Partnering with business leaders", "input_phrase": "Partnering with business leaders", "score": 20.0}}, {"model": "insights.match", "pk": 13, "fields": {"assessment": 7, "pillar": "HR Expertise", "matched_phrase": "Using Rippling", "input_phrase": "Using Rippling", "score": 10.0}}, {"model": "insights.match", "pk": 14, "fields": {"assessment": 7, "pillar": "Communication", "matched_phrase": "Exec team syncs", "input_phrase": "Exec team syncs", "score": 10.0}}, {"model": "insights.match", "pk": 15, "fields": {"assessment": 7, "pillar": "Communication", "matched_phrase": "clear manager talking points", "input_phrase": "clear manager talking points", "score": 15.0}}, {"model": "insights.match", "pk": 16, "fields": {"assessment": 7, "pillar": "Communication", "matched_phrase": "Survey results", "input_phrase": "Survey results", "score": 15.0}}, {"model": "insights.match", "pk": 17, "fields": {"assessment": 7, "pillar": "Communication", "matched_phrase": "2-way communication", "input_phrase": "2-way communication", "score": 20.0}}, {"model": "insights.match", "pk": 18, "fields": {"assessment": 7, "pillar": "Leadership & Navigation", "matched_phrase": "We have a north star", "input_phrase": "We have a north star", "score": 20.0}}, {"model": "insights.match", "pk": 19, "fields": {"assessment": 7, "pillar": "Leadership & Navigation", "matched_phrase": "Quick pivot during change", "input_phrase": "Quick pivot during change", "score": 20.0}}, {"model": "insights.match", "pk": 20, "fields": {"assessment": 8, "pillar": "Consultation", "matched_phrase": "HR flagged this before it became an issue", "input_phrase": "HR flagged this before it became an issue", "score": 20.0}}, {"model": "insights.match", "pk": 21, "fields": {"assessment": 8, "pillar": "Communication", "matched_phrase": "Exec team syncs", "input_phrase": "Exec team syncs", "score": 10.0}}, {"model": "insights.match", "pk": 22, "fields": {"assessment": 8, "pillar": "Ethical Practice", "matched_phrase": "We walked away from that deal", "input_phrase": "We walked away from that deal", "score": 5.0}}, {"model": "insights.match", "pk": 23, "fields": {"assessment": 9, "pillar": "Consultation", "matched_phrase": "HR flagged this before it became an issue", "input_phrase": "HR flagged this before it became an issue", "score": 20.0}}, {"model": "insights.match", "pk": 24, "fields": {"assessment": 9, "pillar": "Communication", "matched_phrase": "Exec team syncs", "input_phrase": "Exec team syncs", "score": 10.0}}, {"model": "insights.match", "pk": 25, "fields": {"assessment": 9, "pillar": "Ethical Practice", "matched_phrase": "We walked away from that deal", "input_phrase": "We walked away from that deal", "score": 5.0}}, {"model": "insights.match", "pk": 26, "fields": {"assessment": 10, "pillar": "HR Expertise", "matched_phrase": "Manual onboarding", "input_phrase": "Manual onboarding", "score": -20.0}}, {"model": "insights.match", "pk": 27, "fields": {"assessment": 10, "pillar": "HR Expertise", "matched_phrase": "Partnering with business leaders", "input_phrase": "Partnering with business leaders", "score": 20.0}}, {"model": "insights.match", "pk": 28, "fields": {"assessment": 10, "pillar": "HR Expertise", "matched_phrase": "Using Rippling", "input_phrase": "Using Rippling", "score": 10.0}}, {"model": "insights.match", "pk": 29, "fields": {"assessment": 10, "pillar": "Communication", "matched_phrase": "Exec team syncs", "input_phrase": "Exec team syncs", "score": 10.0}}, {"model": "insights.match", "pk": 30, "fields": {"assessment": 10, "pillar": "Communication", "matched_phrase": "clear manager talking points", "input_phrase": "clear manager talking points", "score": 15.0}}, {"model": "insights.match", "pk": 31, "fields": {"assessment": 10, "pillar": "Communication", "matched_phrase": "Survey results", "input_phrase": "Survey results", "score": 15.0}}, {"model": "insights.match", "pk": 32, "fields": {"assessment": 10, "pillar": "Communication", "matched_phrase": "2-way communication", "input_phrase": "2-way communication", "score": 20.0}}, {"model": "insights.match", "pk": 33, "fields": {"assessment": 10, "pillar": "Leadership & Navigation", "matched_phrase": "We have a north star", "input_phrase": "We have a north star", "score": 20.0}}, {"model": "insights.match", "pk": 34, "fields": {"assessment": 10, "pillar": "Leadership & Navigation", "matched_phrase": "Quick pivot during change", "input_phrase": "Quick pivot during change", "score": 20.0}}, {"model": "insights.match", "pk": 35, "fields": {"assessment": 11, "pillar": "Consultation", "matched_phrase": "HR flagged this before it became an issue", "input_phrase": "HR flagged this before it became an issue", "score": 20.0}}, {"model": "insights.match", "pk": 36, "fields": {"assessment": 11, "pillar": "Communication", "matched_phrase": "Exec team syncs", "input_phrase": "Exec team syncs", "score": 10.0}}, {"model": "insights.match", "pk": 37, "fields": {"assessment": 11, "pillar": "Ethical Practice", "matched_phrase": "We walked away from that deal", "input_phrase": "We walked away from that deal", "score": 5.0}}, {"model": "insights.match", "pk": 38, "fields": {"assessment": 12, "pillar": "Consultation", "matched_phrase": "HR flagged this before it became an issue", "input_phrase": "HR flagged this before it became an issue", "score": 20.0}}, {"model": "insights.match", "pk": 39, "fields": {"assessment": 12, "pillar": "Communication", "matched_phrase": "Exec team syncs", "input_phrase": "Exec team syncs", "score": 10.0}}, {"model": "insights.match", "pk": 40, "fields": {"assessment": 12, "pillar": "Ethical Practice", "matched_phrase": "We walked away from that deal", "input_phrase": "We walked away from that deal", "score": 5.0}}, {"model": "insights.match", "pk": 41, "fields": {"assessment": 13, "pillar": "Consultation", "matched_phrase": "HR flagged this before it became an issue", "input_phrase": "HR flagged this before it became an issue", "score": 20.0}}, {"model": "insights.match", "pk": 42, "fields": {"assessment": 13, "pillar": "Communication", "matched_phrase": "Exec team syncs", "input_phrase": "Exec team syncs", "score": 10.0}}, {"model": "insights.match", "pk": 43, "fields": {"assessment": 13, "pillar": "Ethical Practice", "matched_phrase": "We walked away from that deal", "input_phrase": "We walked away from that deal", "score": 5.0}}, {"model": "insights.match", "pk": 44, "fields": {"assessment": 14, "pillar": "Consultation", "matched_phrase": "HR flagged this before it became an issue", "input_phrase": "HR flagged this before it became an issue", "score": 20.0}}, {"model": "insights.match", "pk": 45, "fields": {"assessment": 14, "pillar": "Communication", "matched_phrase": "Exec team syncs", "input_phrase": "Exec team syncs", "score": 10.0}}, {"model": "insights.match", "pk": 46, "fields": {"assessment": 14, "pillar": "Ethical Practice", "matched_phrase": "We walked away from that deal", "input_phrase": "We walked away from that deal", "score": 5.0}}, {"model": "insights.match", "pk": 47, "fields": {"assessment": 15, "pillar": "Consultation", "matched_phrase": "HR flagged this before it became an issue", "input_phrase": "HR flagged this before it became an issue", "score": 20.0}}, {"model": "insights.match", "pk": 48, "fields": {"assessment": 15, "pillar": "Communication", "matched_phrase": "Exec team syncs", "input_phrase": "Exec team syncs", "score": 10.0}}, {"model": "insights.match", "pk": 49, "fields": {"assessment": 15, "pillar": "Ethical Practice", "matched_phrase": "We walked away from that deal", "input_phrase": "We walked away from that deal", "score": 5.0}}, {"model": "insights.match", "pk": 50, "fields": {"assessment": 16, "pillar": "Consultation", "matched_phrase": "HR flagged this before it became an issue", "input_phrase": "HR flagged this before it became an issue", "score": 20.0}}, {"model": "insights.match", "pk": 51, "fields": {"assessment": 16, "pillar": "Communication", "matched_phrase": "Exec team syncs", "input_phrase": "Exec team syncs", "score": 10.0}}, {"model": "insights.match", "pk": 52, "fields": {"assessment": 16, "pillar": "Ethical Practice", "matched_phrase": "We walked away from that deal", "input_phrase": "We walked away from that deal", "score": 5.0}}, {"model": "insights.match", "pk": 53, "fields": {"assessment": 17, "pillar": "Consultation", "matched_phrase": "HR flagged this before it became an issue", "input_phrase": "HR flagged this before it became an issue", "score": 20.0}}, {"model": "insights.match", "pk": 54, "fields": {"assessment": 17, "pillar": "Communication", "matched_phrase": "Exec team syncs", "input_phrase": "Exec team syncs", "score": 10.0}}, {"model": "insights.match", "pk": 55, "fields": {"assessment": 17, "pillar": "Ethical Practice", "matched_phrase": "We walked away from that deal", "input_phrase": "We walked away from that deal", "score": 5.0}}, {"model": "insights.match", "pk": 56, "fields": {"assessment": 18, "pillar": "Consultation", "matched_phrase": "HR flagged this before it became an issue", "input_phrase": "HR flagged this before it became an issue", "score": 20.0}}, {"model": "insights.match", "pk": 57, "fields": {"assessment": 18, "pillar": "Communication", "matched_phrase": "Exec team syncs", "input_phrase": "Exec team syncs", "score": 10.0}}, {"model": "insights.match", "pk": 58, "fields": {"assessment": 18, "pillar": "Ethical Practice", "matched_phrase": "We walked away from that deal", "input_phrase": "We walked away from that deal", "score": 10.0}}, {"model": "insights.match", "pk": 59, "fields": {"assessment": 19, "pillar": "Consultation", "matched_phrase": "HR flagged this before it became an issue", "input_phrase": "HR flagged this before it became an issue", "score": 20.0}}, {"model": "insights.match", "pk": 60, "fields": {"assessment": 19, "pillar": "Communication", "matched_phrase": "Exec team syncs", "input_phrase": "Exec team syncs", "score": 10.0}}, {"model": "insights.match", "pk": 61, "fields": {"assessment": 19, "pillar": "Ethical Practice", "matched_phrase": "We walked away from that deal", "input_phrase": "We walked away from that deal", "score": 5.0}}, {"model": "insights.match", "pk": 62, "fields": {"assessment": 20, "pillar": "Consultation", "matched_phrase": "HR flagged this before it became an issue", "input_phrase": "HR flagged this before it became an issue", "score": 20.0}}, {"model": "insights.match", "pk": 63, "fields": {"assessment": 20, "pillar": "Communication", "matched_phrase": "Exec team syncs", "input_phrase": "Exec team syncs", "score": 10.0}}, {"model": "insights.match", "pk": 64, "fields": {"assessment": 20, "pillar": "Ethical Practice", "matched_phrase": "We walked away from that deal", "input_phrase": "We walked away from that deal", "score": 5.0}}, {"model": "insights.match", "pk": 65, "fields": {"assessment": 21, "pillar": "Consultation", "matched_phrase": "HR flagged this before it became an issue", "input_phrase": "HR flagged this before it became an issue", "score": 20.0}}, {"model": "insights.match", "pk": 66, "fields": {"assessment": 21, "pillar": "Communication", "matched_phrase": "Exec team syncs", "input_phrase": "Exec team syncs", "score": 10.0}}, {"model": "insights.match", "pk": 67, "fields": {"assessment": 21, "pillar": "Ethical Practice", "matched_phrase": "We walked away from that deal", "input_phrase": "We walked away from that deal", "score": 5.0}}, {"model": "insights.match", "pk": 68, "fields": {"assessment": 22, "pillar": "Consultation", "matched_phrase": "HR flagged this before it became an issue", "input_phrase": "HR flagged this before it became an issue", "score": 20.0}}, {"model": "insights.match", "pk": 69, "fields": {"assessment": 22, "pillar": "Communication", "matched_phrase": "Exec team syncs", "input_phrase": "Exec team syncs", "score": 10.0}}, {"model": "insights.match", "pk": 70, "fields": {"assessment": 22, "pillar": "Ethical Practice", "matched_phrase": "We walked away from that deal", "input_phrase": "We walked away from that deal", "score": 5.0}}, {"model": "insights.match", "pk": 71, "fields": {"assessment": 23, "pillar": "Consultation", "matched_phrase": "HR flagged this before it became an issue", "input_phrase": "HR flagged this before it became an issue", "score": 20.0}}, {"model": "insights.match", "pk": 72, "fields": {"assessment": 23, "pillar": "Communication", "matched_phrase": "Exec team syncs", "input_phrase": "Exec team syncs", "score": 10.0}}, {"model": "insights.match", "pk": 73, "fields": {"assessment": 23, "pillar": "Ethical Practice", "matched_phrase": "We walked away from that deal", "input_phrase": "We walked away from that deal", "score": 5.0}}, {"model": "insights.match", "pk": 74, "fields": {"assessment": 24, "pillar": "Consultation", "matched_phrase": "HR flagged this before it became an issue", "input_phrase": "HR flagged this before it became an issue", "score": 20.0}}, {"model": "insights.match", "pk": 75, "fields": {"assessment": 24, "pillar": "Communication", "matched_phrase": "Exec team syncs", "input_phrase": "Exec team syncs", "score": 10.0}}, {"model": "insights.match", "pk": 76, "fields": {"assessment": 24, "pillar": "Ethical Practice", "matched_phrase": "We walked away from that deal", "input_phrase": "We walked away from that deal", "score": 5.0}}, {"model": "insights.match", "pk": 77, "fields": {"assessment": 25, "pillar": "Consultation", "matched_phrase": "HR flagged this before it became an issue", "input_phrase": "HR flagged this before it became an issue", "score": 20.0}}, {"model": "insights.match", "pk": 78, "fields": {"assessment": 25, "pillar": "Communication", "matched_phrase": "Exec team syncs", "input_phrase": "Exec team syncs", "score": 10.0}}, {"model": "insights.match", "pk": 79, "fields": {"assessment": 25, "pillar": "Ethical Practice", "matched_phrase": "We walked away from that deal", "input_phrase": "We walked away from that deal", "score": 5.0}}, {"model": "insights.match", "pk": 80, "fields": {"assessment": 26, "pillar": "Consultation", "matched_phrase": "HR flagged this before it became an issue", "input_phrase": "HR flagged this before it became an issue", "score": 20.0}}, {"model": "insights.match", "pk": 81, "fields": {"assessment": 26, "pillar": "Communication", "matched_phrase": "Exec team syncs", "input_phrase": "Exec team syncs", "score": 10.0}}, {"model": "insights.match", "pk": 82, "fields": {"assessment": 26, "pillar": "Ethical Practice", "matched_phrase": "We walked away from that deal", "input_phrase": "We walked away from that deal", "score": 10.0}}, {"model": "insights.match", "pk": 83, "fields": {"assessment": 27, "pillar": "Consultation", "matched_phrase": "HR flagged this before it became an issue", "input_phrase": "HR flagged this before it became an issue", "score": 20.0}}, {"model": "insights.match", "pk": 84, "fields": {"assessment": 27, "pillar": "Communication", "matched_phrase": "Exec team syncs", "input_phrase": "Exec team syncs", "score": 10.0}}, {"model": "insights.match", "pk": 85, "fields": {"assessment": 27, "pillar": "Ethical Practice", "matched_phrase": "We walked away from that deal", "input_phrase": "We walked away from that deal", "score": 5.0}}, {"model": "insights.match", "pk": 86, "fields": {"assessment": 28, "pillar": "Consultation", "matched_phrase": "HR flagged this before it became an issue", "input_phrase": "HR flagged this before it became an issue", "score": 20.0}}, {"model": "insights.match", "pk": 87, "fields": {"assessment": 28, "pillar": "Communication", "matched_phrase": "Exec team syncs", "input_phrase": "Exec team syncs", "score": 10.0}}, {"model": "insights.match", "pk": 88, "fields": {"assessment": 28, "pillar": "Ethical Practice", "matched_phrase": "We walked away from that deal", "input_phrase": "We walked away from that deal", "score": 5.0}}, {"model": "insights.match", "pk": 89, "fields": {"assessment": 29, "pillar": "Consultation", "matched_phrase": "HR flagged this before it became an issue", "input_phrase": "HR flagged this before it became an issue", "score": 20.0}}, {"model": "insights.match", "pk": 90, "fields": {"assessment": 29, "pillar": "Communication", "matched_phrase": "Exec team syncs", "input_phrase": "Exec team syncs", "score": 10.0}}, {"model": "insights.match", "pk": 91, "fields": {"assessment": 29, "pillar": "Ethical Practice", "matched_phrase": "We walked away from that deal", "input_phrase": "We walked away from that deal", "score": 5.0}}, {"model": "insights.match", "pk": 92, "fields": {"assessment": 30, "pillar": "HR Expertise", "matched_phrase": "Manual onboarding", "input_phrase": "Manual onboarding", "score": -20.0}}, {"model": "insights.match", "pk": 93, "fields": {"assessment": 30, "pillar": "HR Expertise", "matched_phrase": "Partnering with business leaders", "input_phrase": "Partnering with business leaders", "score": 20.0}}, {"model": "insights.match", "pk": 94, "fields": {"assessment": 30, "pillar": "HR Expertise", "matched_phrase": "Using Rippling", "input_phrase": "Using Rippling", "score": 10.0}}, {"model": "insights.match", "pk": 95, "fields": {"assessment": 30, "pillar": "Communication", "matched_phrase": "Exec team syncs", "input_phrase": "Exec team syncs", "score": 10.0}}, {"model": "insights.match", "pk": 96, "fields": {"assessment": 30, "pillar": "Communication", "matched_phrase": "clear manager talking points", "input_phrase": "clear manager talking points", "score": 15.0}}, {"model": "insights.match", "pk": 97, "fields": {"assessment": 30, "pillar": "Communication", "matched_phrase": "Survey results", "input_phrase": "Survey results", "score": 15.0}}, {"model": "insights.match", "pk": 98, "fields": {"assessment": 30, "pillar": "Communication", "matched_phrase": "2-way communication", "input_phrase": "2-way communication", "score": 20.0}}, {"model": "insights.match", "pk": 99, "fields": {"assessment": 30, "pillar": "Leadership & Navigation", "matched_phrase": "We have a north star", "input_phrase": "We have a north star", "score": 20.0}}, {"model": "insights.match", "pk": 100, "fields": {"assessment": 30, "pillar": "Leadership & Navigation", "matched_phrase": "Quick pivot during change", "input_phrase": "Quick pivot during change", "score": 20.0}}, {"model": "insights.match", "pk": 101, "fields": {"assessment": 31, "pillar": "HR Expertise", "matched_phrase": "Manual onboarding", "input_phrase": "Manual onboarding", "score": -20.0}}, {"model": "insights.match", "pk": 102, "fields": {"assessment": 31, "pillar": "HR Expertise", "matched_phrase": "paper files", "input_phrase": "paper files", "score": -19.0}}, {"model": "insights.match", "pk": 103, "fields": {"assessment": 31, "pillar": "HR Expertise", "matched_phrase": "Partnering with business leaders", "input_phrase": "Partnering with business leaders", "score": 23.0}}, {"model": "insights.match", "pk": 104, "fields": {"assessment": 31, "pillar": "Communication", "matched_phrase": "Depends on who you ask", "input_phrase": "Depends on who you ask", "score": -12.0}}, {"model": "insights.match", "pk": 105, "fields": {"assessment": 31, "pillar": "Communication", "matched_phrase": "Exec team syncs", "input_phrase": "Exec team syncs", "score": 15.0}}, {"model": "insights.match", "pk": 106, "fields": {"assessment": 31, "pillar": "Communication", "matched_phrase": "clear manager talking points", "input_phrase": "clear manager talking points", "score": 17.0}}, {"model": "insights.match", "pk": 107, "fields": {"assessment": 31, "pillar": "Communication", "matched_phrase": "Survey results", "input_phrase": "Survey results", "score": 15.0}}, {"model": "insights.match", "pk": 108, "fields": {"assessment": 31, "pillar": "Communication", "matched_phrase": "2-way communication", "input_phrase": "2-way communication", "score": 23.0}}, {"model": "insights.match", "pk": 109, "fields": {"assessment": 31, "pillar": "Leadership & Navigation", "matched_phrase": "We have a north star", "input_phrase": "We have a north star", "score": 19.0}}, {"model": "insights.match", "pk": 110, "fields": {"assessment": 31, "pillar": "Leadership & Navigation", "matched_phrase": "Quick pivot during change", "input_phrase": "Quick pivot during change", "score": 21.0}}, {"model": "insights.match", "pk": 111, "fields": {"assessment": 32, "pillar": "HR Expertise", "matched_phrase": "Manual onboarding", "input_phrase": "Manual onboarding", "score": -20.0}}, {"model": "insights.match", "pk": 112, "fields": {"assessment": 32, "pillar": "HR Expertise", "matched_phrase": "paper files", "input_phrase": "paper files", "score": -20.0}}, {"model": "insights.match", "pk": 113, "fields": {"assessment": 32, "pillar": "HR Expertise", "matched_phrase": "Partnering with business leaders", "input_phrase": "Partnering with business leaders", "score": 20.0}}, {"model": "insights.match", "pk": 114, "fields": {"assessment": 32, "pillar": "HR Expertise", "matched_phrase": "Using Rippling", "input_phrase": "Using Rippling", "score": 10.0}}, {"model": "insights.match", "pk": 115, "fields": {"assessment": 32, "pillar": "Communication", "matched_phrase": "Exec team syncs", "input_phrase": "Exec team syncs", "score": 10.0}}, {"model": "insights.match", "pk": 116, "fields": {"assessment": 32, "pillar": "Communication", "matched_phrase": "clear manager talking points", "input_phrase": "clear manager talking points", "score": 15.0}}, {"model": "insights.match", "pk": 117, "fields": {"assessment": 32, "pillar": "Communication", "matched_phrase": "Survey results", "input_phrase": "Survey results", "score": 15.0}}, {"model": "insights.match", "pk": 118, "fields": {"assessment": 32, "pillar": "Communication", "matched_phrase": "2-way communication", "input_phrase": "2-way communication", "score": 20.0}}, {"model": "insights.match", "pk": 119, "fields": {"assessment": 32, "pillar": "Leadership & Navigation", "matched_phrase": "We have a north star", "input_phrase": "We have a north star", "score": 20.0}}, {"model": "insights.match", "pk": 120, "fields": {"assessment": 32, "pillar": "Leadership & Navigation", "matched_phrase": "Quick pivot during change", "input_phrase": "Quick pivot during change", "score": 20.0}}, {"model": "insights.match", "pk": 121, "fields": {"assessment": 33, "pillar": "HR Expertise", "matched_phrase": "Manual onboarding", "input_phrase": "Manual onboarding", "score": -20.0}}, {"model": "insights.match", "pk": 122, "fields": {"assessment": 33, "pillar": "HR Expertise", "matched_phrase": "Partnering with business leaders", "input_phrase": "Partnering with business leaders", "score": 20.0}}, {"model": "insights.match", "pk": 123, "fields": {"assessment": 33, "pillar": "HR Expertise", "matched_phrase": "Using Rippling", "input_phrase": "Using Rippling", "score": 10.0}}, {"model": "insights.match", "pk": 124, "fields": {"assessment": 33, "pillar": "Communication", "matched_phrase": "Exec team syncs", "input_phrase": "Exec team syncs", "score": 10.0}}, {"model": "insights.match", "pk": 125, "fields": {"assessment": 33, "pillar": "Communication", "matched_phrase": "clear manager talking points", "input_phrase": "clear manager talking points", "score": 15.0}}, {"model": "insights.match", "pk": 126, "fields": {"assessment": 33, "pillar": "Communication", "matched_phrase": "Survey results", "input_phrase": "Survey results", "score": 15.0}}, {"model": "insights.match", "pk": 127, "fields": {"assessment": 33, "pillar": "Communication", "matched_phrase": "2-way communication", "input_phrase": "2-way communication", "score": 20.0}}, {"model": "insights.match", "pk": 128, "fields": {"assessment": 33, "pillar": "Leadership & Navigation", "matched_phrase": "We have a north star", "input_phrase": "We have a north star", "score": 20.0}}, {"model": "insights.match", "pk": 129, "fields": {"assessment": 33, "pillar": "Leadership & Navigation", "matched_phrase": "Quick pivot during change", "input_phrase": "Quick pivot during change", "score": 20.0}}, {"model": "insights.match", "pk": 130, "fields": {"assessment": 34, "pillar": "HR Expertise", "matched_phrase": "Manual onboarding", "input_phrase": "Manual onboarding", "score": -20.0}}, {"model": "insights.match", "pk": 131, "fields": {"assessment": 34, "pillar": "HR Expertise", "matched_phrase": "paper files", "input_phrase": "paper files", "score": -20.0}}, {"model": "insights.match", "pk": 132, "fields": {"assessment": 34, "pillar": "HR Expertise", "matched_phrase": "Partnering with business leaders", "input_phrase": "Partnering with business leaders", "score": 20.0}}, {"model": "insights.match", "pk": 133, "fields": {"assessment": 34, "pillar": "HR Expertise", "matched_phrase": "Using Rippling", "input_phrase": "Using Rippling", "score": 10.0}}, {"model": "insights.match", "pk": 134, "fields": {"assessment": 34, "pillar": "Communication", "matched_phrase": "Exec team syncs", "input_phrase": "Exec team syncs", "score": 10.0}}, {"model": "insights.match", "pk": 135, "fields": {"assessment": 34, "pillar": "Communication", "matched_phrase": "clear manager talking points", "input_phrase": "clear manager talking points", "score": 15.0}}, {"model": "insights.match", "pk": 136, "fields": {"assessment": 34, "pillar": "Communication", "matched_phrase": "Survey results", "input_phrase": "Survey results", "score": 15.0}}, {"model": "insights.match", "pk": 137, "fields": {"assessment": 34, "pillar": "Communication", "matched_phrase": "2-way communication", "input_phrase": "2-way communication", "score": 20.0}}, {"model": "insights.match", "pk": 138, "fields": {"assessment": 34, "pillar": "Leadership & Navigation", "matched_phrase": "We have a north star", "input_phrase": "We have a north star", "score": 20.0}}, {"model": "insights.match", "pk": 139, "fields": {"assessment": 34, "pillar": "Leadership & Navigation", "matched_phrase": "Quick pivot during change", "input_phrase": "Quick pivot during change", "score": 20.0}}, {"model": "insights.match", "pk": 140, "fields": {"assessment": 35, "pillar": "HR Expertise", "matched_phrase": "Manual onboarding", "input_phrase": "Manual onboarding", "score": -20.0}}, {"model": "insights.match", "pk": 141, "fields": {"assessment": 35, "pillar": "HR Expertise", "matched_phrase": "paper files", "input_phrase": "paper files", "score": -20.0}}, {"model": "insights.match", "pk": 142, "fields": {"assessment": 35, "pillar": "HR Expertise", "matched_phrase": "Partnering with business leaders", "input_phrase": "Partnering with business leaders", "score": 20.0}}, {"model": "insights.match", "pk": 143, "fields": {"assessment": 35, "pillar": "HR Expertise", "matched_phrase": "Using Rippling", "input_phrase": "Using Rippling", "score": 10.0}}, {"model": "insights.match", "pk": 144, "fields": {"assessment": 35, "pillar": "Communication", "matched_phrase": "Exec team syncs", "input_phrase": "Exec team syncs", "score": 10.0}}, {"model": "insights.match", "pk": 145, "fields": {"assessment": 35, "pillar": "Communication", "matched_phrase": "clear manager talking points", "input_phrase": "clear manager talking points", "score": 15.0}}, {"model": "insights.match", "pk": 146, "fields": {"assessment": 35, "pillar": "Communication", "matched_phrase": "Survey results", "input_phrase": "Survey results", "score": 15.0}}, {"model": "insights.match", "pk": 147, "fields": {"assessment": 35, "pillar": "Communication", "matched_phrase": "2-way communication", "input_phrase": "2-way communication", "score": 20.0}}, {"model": "insights.match", "pk": 148, "fields": {"assessment": 35, "pillar": "Leadership & Navigation", "matched_phrase": "We have a north star", "input_phrase": "We have a north star", "score": 20.0}}, {"model": "insights.match", "pk": 149, "fields": {"assessment": 35, "pillar": "Leadership & Navigation", "matched_phrase": "Quick pivot during change", "input_phrase": "Quick pivot during change", "score": 20.0}}, {"model": "insights.match", "pk": 150, "fields": {"assessment": 36, "pillar": "HR Expertise", "matched_phrase": "Manual onboarding", "input_phrase": "Manual onboarding", "score": -20.0}}, {"model": "insights.match", "pk": 151, "fields": {"assessment": 36, "pillar": "HR Expertise", "matched_phrase": "Partnering with business leaders", "input_phrase": "Partnering with business leaders", "score": 20.0}}, {"model": "insights.match", "pk": 152, "fields": {"assessment": 36, "pillar": "HR Expertise", "matched_phrase": "Using Rippling", "input_phrase": "Using Rippling", "score": 10.0}}, {"model": "insights.match", "pk": 153, "fields": {"assessment": 36, "pillar": "Communication", "matched_phrase": "Exec team syncs", "input_phrase": "Exec team syncs", "score": 10.0}}, {"model": "insights.match", "pk": 154, "fields": {"assessment": 36, "pillar": "Communication", "matched_phrase": "clear manager talking points", "input_phrase": "clear manager talking points", "score": 15.0}}, {"model": "insights.match", "pk": 155, "fields": {"assessment": 36, "pillar": "Communication", "matched_phrase": "Survey results", "input_phrase": "Survey results", "score": 15.0}}, {"model": "insights.match", "pk": 156, "fields": {"assessment": 36, "pillar": "Communication", "matched_phrase": "2-way communication", "input_phrase": "2-way communication", "score": 20.0}}, {"model": "insights.match", "pk": 157, "fields": {"assessment": 36, "pillar": "Leadership & Navigation", "matched_phrase": "We have a north star", "input_phrase": "We have a north star", "score": 20.0}}, {"model": "insights.match", "pk": 158, "fields": {"assessment": 36, "pillar": "Leadership & Navigation", "matched_phrase": "Quick pivot during change", "input_phrase": "Quick pivot during change", "score": 20.0}}, {"model": "insights.match", "pk": 159, "fields": {"assessment": 41, "pillar": "Consultation", "matched_phrase": "HR flagged this before it became an issue", "input_phrase": "HR flagged this before it became an issue", "score": 20.0}}, {"model": "insights.match", "pk": 160, "fields": {"assessment": 41, "pillar": "Communication", "matched_phrase": "Exec team syncs", "input_phrase": "Exec team syncs", "score": 10.0}}, {"model": "insights.match", "pk": 161, "fields": {"assessment": 41, "pillar": "Ethical Practice", "matched_phrase": "We walked away from that deal", "input_phrase": "We walked away from that deal", "score": 5.0}}, {"model": "insights.match", "pk": 162, "fields": {"assessment": 44, "pillar": "Strategic Thinking", "matched_phrase": "We modeled a few outcomes", "input_phrase": "We modeled a few outcomes", "score": 10.0}}, {"model": "insights.match", "pk": 163, "fields": {"assessment": 44, "pillar": "Strategic Thinking", "matched_phrase": "HR goals tie to company OKRs", "input_phrase": "HR goals tie to company OKRs", "score": 15.0}}, {"model": "insights.match", "pk": 164, "fields": {"assessment": 44, "pillar": "Execution Excellence", "matched_phrase": "We hit our onboarding goals", "input_phrase": "We hit our onboarding goals", "score": 20.0}}, {"model": "insights.match", "pk": 165, "fields": {"assessment": 45, "pillar": "Strategic Thinking", "matched_phrase": "We modeled a few outcomes", "input_phrase": "We modeled a few outcomes", "score": 10.0}}, {"model": "insights.match", "pk": 166, "fields": {"assessment": 45, "pillar": "Strategic Thinking", "matched_phrase": "HR goals tie to company OKRs", "input_phrase": "HR goals tie to company OKRs", "score": 15.0}}, {"model": "insights.match", "pk": 167, "fields": {"assessment": 45, "pillar": "Execution Excellence", "matched_phrase": "We hit our onboarding goals", "input_phrase": "We hit our onboarding goals", "score": 20.0}}, {"model": "insights.match", "pk": 168, "fields": {"assessment": 46, "pillar": "HR Expertise", "matched_phrase": "Manual onboarding", "input_phrase": "Manual onboarding", "score": -20.0}}, {"model": "insights.match", "pk": 169, "fields": {"assessment": 46, "pillar": "Critical Evaluation", "matched_phrase": "We used exit data to shift strategy", "input_phrase": "We used exit data to shift strategy", "score": 10.0}}, {"model": "insights.match", "pk": 170, "fields": {"assessment": 46, "pillar": "Strategic Thinking", "matched_phrase": "HR goals tie to company OKRs", "input_phrase": "HR goals tie to company OKRs", "score": 15.0}}, {"model": "insights.match", "pk": 171, "fields": {"assessment": 46, "pillar": "Execution Excellence", "matched_phrase": "Things fall through the cracks", "input_phrase": "Things fall through the cracks", "score": -25.0}}, {"model": "insights.match", "pk": 172, "fields": {"assessment": 47, "pillar": "Strategic Thinking", "matched_phrase": "HR goals aren't linked to business", "input_phrase": "HR goals aren't linked to business", "score": -20.0}}, {"model": "insights.match", "pk": 173, "fields": {"assessment": 47, "pillar": "Execution Excellence", "matched_phrase": "We hit our onboarding goals", "input_phrase": "We hit our onboarding goals", "score": 20.0}}, {"model": "insights.match", "pk": 174, "fields": {"assessment": 47, "pillar": "Execution Excellence", "matched_phrase": "Tight process, clear metrics", "input_phrase": "Tight process, clear metrics", "score": 25.0}}, {"model": "insights.match", "pk": 175, "fields": {"assessment": 47, "pillar": "Influence and Collaboration", "matched_phrase": "Works well with Product/Eng", "input_phrase": "Works well with Product/Eng", "score": 20.0}}, {"model": "insights.match", "pk": 176, "fields": {"assessment": 48, "pillar": "Critical Evaluation", "matched_phrase": "We layer engagement + attrition", "input_phrase": "We layer engagement + attrition", "score": 15.0}}, {"model": "insights.match", "pk": 177, "fields": {"assessment": 48, "pillar": "Strategic Thinking", "matched_phrase": "We modeled a few outcomes", "input_phrase": "We modeled a few outcomes", "score": 10.0}}, {"model": "insights.match", "pk": 178, "fields": {"assessment": 48, "pillar": "Strategic Thinking", "matched_phrase": "HR goals tie to company OKRs", "input_phrase": "HR goals tie to company OKRs", "score": 15.0}}, {"model": "insights.match", "pk": 179, "fields": {"assessment": 48, "pillar": "Execution Excellence", "matched_phrase": "It takes too long to hire", "input_phrase": "It takes too long to hire", "score": -20.0}}, {"model": "insights.match", "pk": 180, "fields": {"assessment": 49, "pillar": "Critical Evaluation", "matched_phrase": "We used exit data to shift strategy", "input_phrase": "We used exit data to shift strategy", "score": 10.0}}, {"model": "insights.match", "pk": 181, "fields": {"assessment": 49, "pillar": "Strategic Thinking", "matched_phrase": "HR goals tie to company OKRs", "input_phrase": "HR goals tie to company OKRs", "score": 15.0}}, {"model": "insights.match", "pk": 182, "fields": {"assessment": 49, "pillar": "Execution Excellence", "matched_phrase": "We hit our onboarding goals", "input_phrase": "We hit our onboarding goals", "score": 20.0}}, {"model": "insights.match", "pk": 183, "fields": {"assessment": 49, "pillar": "Innovation and Change Management", "matched_phrase": "Let's test and learn", "input_phrase": "Let's test and learn", "score": 15.0}}, {"model": "insights.match", "pk": 184, "fields": {"assessment": 50, "pillar": "HR Expertise", "matched_phrase": "Manual onboarding", "input_phrase": "Manual onboarding", "score": -20.0}}, {"model": "insights.match", "pk": 185, "fields": {"assessment": 50, "pillar": "HR Expertise", "matched_phrase": "Partnering with business leaders", "input_phrase": "Partnering with business leaders", "score": 20.0}}, {"model": "insights.match", "pk": 186, "fields": {"assessment": 50, "pillar": "HR Expertise", "matched_phrase": "Using Rippling", "input_phrase": "Using Rippling", "score": 10.0}}, {"model": "insights.match", "pk": 187, "fields": {"assessment": 50, "pillar": "Communication", "matched_phrase": "Exec team syncs", "input_phrase": "Exec team syncs", "score": 10.0}}, {"model": "insights.match", "pk": 188, "fields": {"assessment": 50, "pillar": "Communication", "matched_phrase": "clear manager talking points", "input_phrase": "clear manager talking points", "score": 15.0}}, {"model": "insights.match", "pk": 189, "fields": {"assessment": 50, "pillar": "Communication", "matched_phrase": "Survey results", "input_phrase": "Survey results", "score": 15.0}}, {"model": "insights.match", "pk": 190, "fields": {"assessment": 50, "pillar": "Communication", "matched_phrase": "2-way communication", "input_phrase": "2-way communication", "score": 20.0}}, {"model": "insights.match", "pk": 191, "fields": {"assessment": 50, "pillar": "Leadership & Navigation", "matched_phrase": "We have a north star", "input_phrase": "We have a north star", "score": 20.0}}, {"model": "insights.match", "pk": 192, "fields": {"assessment": 50, "pillar": "Leadership & Navigation", "matched_phrase": "Quick pivot during change", "input_phrase": "Quick pivot during change", "score": 20.0}}, {"model": "insights.match", "pk": 193, "fields": {"assessment": 51, "pillar": "Leadership & Navigation", "matched_phrase": "Starts but doesn't finish", "input_phrase": "Starts but doesn't finish", "score": -20.0}}, {"model": "insights.match", "pk": 194, "fields": {"assessment": 51, "pillar": "Critical Evaluation", "matched_phrase": "We layer engagement + attrition", "input_phrase": "We layer engagement + attrition", "score": 15.0}}, {"model": "insights.match", "pk": 195, "fields": {"assessment": 51, "pillar": "Strategic Thinking", "matched_phrase": "We modeled a few outcomes", "input_phrase": "We modeled a few outcomes", "score": 10.0}}, {"model": "insights.match", "pk": 196, "fields": {"assessment": 51, "pillar": "Strategic Thinking", "matched_phrase": "HR goals tie to company OKRs", "input_phrase": "HR goals tie to company OKRs", "score": 15.0}}, {"model": "insights.match", "pk": 197, "fields": {"assessment": 51, "pillar": "Execution Excellence", "matched_phrase": "We hit our onboarding goals", "input_phrase": "We hit our onboarding goals", "score": 20.0}}, {"model": "insights.match", "pk": 198, "fields": {"assessment": 51, "pillar": "Execution Excellence", "matched_phrase": "Tight process, clear metrics", "input_phrase": "Tight process, clear metrics", "score": 25.0}}, {"model": "insights.match", "pk": 199, "fields": {"assessment": 52, "pillar": "HR Expertise", "matched_phrase": "Using Rippling", "input_phrase": "Using Rippling", "score": 10.0}}, {"model": "insights.match", "pk": 200, "fields": {"assessment": 52, "pillar": "Consultation", "matched_phrase": "HR has a seat at the table", "input_phrase": "HR has a seat at the table", "score": 25.0}}, {"model": "insights.match", "pk": 201, "fields": {"assessment": 52, "pillar": "Communication", "matched_phrase": "Survey results", "input_phrase": "Survey results", "score": 15.0}}, {"model": "insights.match", "pk": 202, "fields": {"assessment": 52, "pillar": "Strategic Thinking", "matched_phrase": "HR goals tie to company OKRs", "input_phrase": "HR goals tie to company OKRs", "score": 25.0}}, {"model": "insights.match", "pk": 203, "fields": {"assessment": 53, "pillar": "HR Expertise", "matched_phrase": "Using Rippling", "input_phrase": "Using Rippling", "score": 10.0}}, {"model": "insights.match", "pk": 204, "fields": {"assessment": 53, "pillar": "Communication", "matched_phrase": "Exec team syncs", "input_phrase": "Exec team syncs", "score": 10.0}}, {"model": "insights.match", "pk": 205, "fields": {"assessment": 54, "pillar": "HR Expertise", "matched_phrase": "paper files", "input_phrase": "paper files", "score": -15.0}}, {"model": "insights.match", "pk": 206, "fields": {"assessment": 54, "pillar": "HR Expertise", "matched_phrase": "Using Rippling", "input_phrase": "Using Rippling", "score": 10.0}}, {"model": "insights.match", "pk": 207, "fields": {"assessment": 54, "pillar": "Consultation", "matched_phrase": "HR flagged this before it became an issue", "input_phrase": "HR flagged this before it became an issue", "score": 20.0}}, {"model": "insights.match", "pk": 208, "fields": {"assessment": 54, "pillar": "Communication", "matched_phrase": "Exec team syncs", "input_phrase": "Exec team syncs", "score": 10.0}}, {"model": "insights.match", "pk": 209, "fields": {"assessment": 54, "pillar": "Communication", "matched_phrase": "2-way communication", "input_phrase": "2-way communication", "score": 25.0}}, {"model": "insights.match", "pk": 210, "fields": {"assessment": 54, "pillar": "Leadership & Navigation", "matched_phrase": "We have a north star", "input_phrase": "We have a north star", "score": 20.0}}, {"model": "insights.match", "pk": 211, "fields": {"assessment": 54, "pillar": "Leadership & Navigation", "matched_phrase": "Quick pivot during change", "input_phrase": "Quick pivot during change", "score": 25.0}}, {"model": "insights.match", "pk": 212, "fields": {"assessment": 54, "pillar": "Ethical Practice", "matched_phrase": "We walked away from that deal", "input_phrase": "We walked away from that deal", "score": 5.0}}, {"model": "insights.match", "pk": 213, "fields": {"assessment": 55, "pillar": "HR Expertise", "matched_phrase": "Partnering with business leaders", "input_phrase": "Partnering with business leaders", "score": 20.0}}, {"model": "insights.match", "pk": 214, "fields": {"assessment": 55, "pillar": "HR Expertise", "matched_phrase": "Using Rippling", "input_phrase": "Using Rippling", "score": 10.0}}, {"model": "insights.match", "pk": 215, "fields": {"assessment": 55, "pillar": "Communication", "matched_phrase": "Survey results", "input_phrase": "Survey results", "score": 15.0}}, {"model": "insights.match", "pk": 216, "fields": {"assessment": 55, "pillar": "Communication", "matched_phrase": "2-way communication", "input_phrase": "2-way communication", "score": 20.0}}, {"model": "insights.match", "pk": 217, "fields": {"assessment": 55, "pillar": "Leadership & Navigation", "matched_phrase": "Quick pivot during change", "input_phrase": "Quick pivot during change", "score": 22.0}}, {"model": "insights.match", "pk": 218, "fields": {"assessment": 56, "pillar": "HR Expertise", "matched_phrase": "Partnering with business leaders", "input_phrase": "Partnering with business leaders", "score": 20.0}}, {"model": "insights.match", "pk": 219, "fields": {"assessment": 56, "pillar": "HR Expertise", "matched_phrase": "HR seen as a strategic asset", "input_phrase": "HR seen as a strategic asset", "score": 25.0}}, {"model": "insights.match", "pk": 220, "fields": {"assessment": 56, "pillar": "HR Expertise", "matched_phrase": "Using Rippling", "input_phrase": "Using Rippling", "score": 10.0}}, {"model": "insights.match", "pk": 221, "fields": {"assessment": 56, "pillar": "HR Expertise", "matched_phrase": "Using Greenhouse", "input_phrase": "Using Greenhouse", "score": 10.0}}, {"model": "insights.match", "pk": 222, "fields": {"assessment": 56, "pillar": "Strategic Thinking", "matched_phrase": "HR goals tie to company OKRs", "input_phrase": "HR goals tie to company OKRs", "score": 20.0}}, {"model": "insights.match", "pk": 223, "fields": {"assessment": 59, "pillar": "HR Expertise", "matched_phrase": "HR seen as a strategic asset", "input_phrase": "HR seen as a strategic asset", "score": 25.0}}, {"model": "insights.match", "pk": 224, "fields": {"assessment": 59, "pillar": "HR Expertise", "matched_phrase": "Using Rippling", "input_phrase": "Using Rippling", "score": 10.0}}, {"model": "insights.match", "pk": 225, "fields": {"assessment": 59, "pillar": "Communication", "matched_phrase": "2-way communication", "input_phrase": "2-way communication", "score": 25.0}}, {"model": "insights.match", "pk": 226, "fields": {"assessment": 59, "pillar": "Strategic Thinking", "matched_phrase": "HR goals tie to company OKRs", "input_phrase": "HR goals tie to company OKRs", "score": 25.0}}, {"model": "insights.match", "pk": 227, "fields": {"assessment": 59, "pillar": "People Leadership", "matched_phrase": "Develops others intentionally", "input_phrase": "Develops others intentionally", "score": 25.0}}, {"model": "insights.match", "pk": 228, "fields": {"assessment": 59, "pillar": "Innovation and Change Management", "matched_phrase": "Let's test and learn", "input_phrase": "Let's test and learn", "score": 20.0}}, {"model": "insights.match", "pk": 229, "fields": {"assessment": 60, "pillar": "HR Expertise", "matched_phrase": "HR seen as a strategic asset", "input_phrase": "HR seen as a strategic asset", "score": 25.0}}, {"model": "insights.match", "pk": 230, "fields": {"assessment": 60, "pillar": "HR Expertise", "matched_phrase": "Using Rippling", "input_phrase": "Using Rippling", "score": 10.0}}, {"model": "insights.match", "pk": 231, "fields": {"assessment": 60, "pillar": "Communication", "matched_phrase": "2-way communication", "input_phrase": "2-way communication", "score": 25.0}}, {"model": "insights.match", "pk": 232, "fields": {"assessment": 60, "pillar": "Strategic Thinking", "matched_phrase": "HR goals tie to company OKRs", "input_phrase": "HR goals tie to company OKRs", "score": 25.0}}, {"model": "insights.match", "pk": 233, "fields": {"assessment": 60, "pillar": "People Leadership", "matched_phrase": "Develops others intentionally", "input_phrase": "Develops others intentionally", "score": 25.0}}, {"model": "insights.match", "pk": 234, "fields": {"assessment": 60, "pillar": "Innovation and Change Management", "matched_phrase": "Let's test and learn", "input_phrase": "Let's test and learn", "score": 20.0}}, {"model": "insights.match", "pk": 235, "fields": {"assessment": 61, "pillar": "Consultation", "matched_phrase": "HR flagged this before it became an issue", "input_phrase": "HR flagged this before it became an issue", "score": 20.0}}, {"model": "insights.match", "pk": 236, "fields": {"assessment": 61, "pillar": "Communication", "matched_phrase": "Exec team syncs", "input_phrase": "Exec team syncs", "score": 10.0}}, {"model": "insights.match", "pk": 237, "fields": {"assessment": 61, "pillar": "Ethical Practice", "matched_phrase": "We walked away from that deal", "input_phrase": "We walked away from that deal", "score": 5.0}}, {"model": "insights.match", "pk": 238, "fields": {"assessment": 62, "pillar": "HR Expertise", "matched_phrase": "Using Rippling", "input_phrase": "Using Rippling", "score": 10.0}}, {"model": "insights.match", "pk": 239, "fields": {"assessment": 62, "pillar": "Consultation", "matched_phrase": "HR has a seat at the table", "input_phrase": "HR has a seat at the table", "score": 25.0}}, {"model": "insights.match", "pk": 240, "fields": {"assessment": 62, "pillar": "Communication", "matched_phrase": "Survey results", "input_phrase": "Survey results", "score": 15.0}}, {"model": "insights.match", "pk": 241, "fields": {"assessment": 62, "pillar": "Strategic Thinking", "matched_phrase": "HR goals tie to company OKRs", "input_phrase": "HR goals tie to company OKRs", "score": 25.0}}, {"model": "insights.match", "pk": 242, "fields": {"assessment": 63, "pillar": "HR Expertise", "matched_phrase": "Using Rippling", "input_phrase": "Using Rippling", "score": 10.0}}, {"model": "insights.match", "pk": 243, "fields": {"assessment": 63, "pillar": "Consultation", "matched_phrase": "HR has a seat at the table", "input_phrase": "HR has a seat at the table", "score": 25.0}}, {"model": "insights.match", "pk": 244, "fields": {"assessment": 63, "pillar": "Communication", "matched_phrase": "Survey results", "input_phrase": "Survey results", "score": 15.0}}, {"model": "insights.match", "pk": 245, "fields": {"assessment": 63, "pillar": "Strategic Thinking", "matched_phrase": "HR goals tie to company OKRs", "input_phrase": "HR goals tie to company OKRs", "score": 25.0}}, {"model": "insights.match", "pk": 246, "fields": {"assessment": 64, "pillar": "HR Expertise", "matched_phrase": "Using Rippling", "input_phrase": "Using Rippling", "score": 10.0}}, {"model": "insights.match", "pk": 247, "fields": {"assessment": 64, "pillar": "Consultation", "matched_phrase": "HR has a seat at the table", "input_phrase": "HR has a seat at the table", "score": 25.0}}, {"model": "insights.match", "pk": 248, "fields": {"assessment": 64, "pillar": "Communication", "matched_phrase": "Survey results", "input_phrase": "Survey results", "score": 15.0}}, {"model": "insights.match", "pk": 249, "fields": {"assessment": 64, "pillar": "Strategic Thinking", "matched_phrase": "HR goals tie to company OKRs", "input_phrase": "HR goals tie to company OKRs", "score": 25.0}}, {"model": "insights.match", "pk": 250, "fields": {"assessment": 65, "pillar": "HR Expertise", "matched_phrase": "Using Rippling", "input_phrase": "Using Rippling", "score": 10.0}}, {"model": "insights.match", "pk": 251, "fields": {"assessment": 65, "pillar": "Consultation", "matched_phrase": "HR has a seat at the table", "input_phrase": "HR has a seat at the table", "score": 25.0}}, {"model": "insights.match", "pk": 252, "fields": {"assessment": 65, "pillar": "Communication", "matched_phrase": "Survey results", "input_phrase": "Survey results", "score": 15.0}}, {"model": "insights.match", "pk": 253, "fields": {"assessment": 65, "pillar": "Strategic Thinking", "matched_phrase": "HR goals tie to company OKRs", "input_phrase": "HR goals tie to company OKRs", "score": 25.0}}, {"model": "insights.dimensionscore", "pk": 1, "fields": {"assessment": 4, "dimension": "Strategic", "score": 20.0}}, {"model": "insights.dimensionscore", "pk": 2, "fields": {"assessment": 4, "dimension": "Operational", "score": 15.0}}, {"model": "insights.dimensionscore", "pk": 3, "fields": {"assessment": 5, "dimension": "Strategic", "score": 20.0}}, {"model": "insights.dimensionscore", "pk": 4, "fields": {"assessment": 5, "dimension": "Operational", "score": 15.0}}, {"model": "insights.dimensionscore", "pk": 5, "fields": {"assessment": 6, "dimension": "Strategic", "score": 20.0}}, {"model": "insights.dimensionscore", "pk": 6, "fields": {"assessment": 6, "dimension": "Operational", "score": 15.0}}, {"model": "insights.dimensionscore", "pk": 7, "fields": {"assessment": 7, "dimension": "Strategic", "score": 40.0}}, {"model": "insights.dimensionscore", "pk": 8, "fields": {"assessment": 7, "dimension": "Operational", "score": 50.0}}, {"model": "insights.dimensionscore", "pk": 9, "fields": {"assessment": 8, "dimension": "Strategic", "score": 20.0}}, {"model": "insights.dimensionscore", "pk": 10, "fields": {"assessment": 8, "dimension": "Operational", "score": 15.0}}, {"model": "insights.dimensionscore", "pk": 11, "fields": {"assessment": 9, "dimension": "Strategic", "score": 20.0}}, {"model": "insights.dimensionscore", "pk": 12, "fields": {"assessment": 9, "dimension": "Operational", "score": 15.0}}, {"model": "insights.dimensionscore", "pk": 13, "fields": {"assessment": 10, "dimension": "Strategic", "score": 40.0}}, {"model": "insights.dimensionscore", "pk": 14, "fields": {"assessment": 10, "dimension": "Operational", "score": 70.0}}, {"model": "insights.dimensionscore", "pk": 15, "fields": {"assessment": 11, "dimension": "Strategic", "score": 20.0}}, {"model": "insights.dimensionscore", "pk": 16, "fields": {"assessment": 11, "dimension": "Operational", "score": 15.0}}, {"model": "insights.dimensionscore", "pk": 17, "fields": {"assessment": 12, "dimension": "Strategic", "score": 20.0}}, {"model": "insights.dimensionscore", "pk": 18, "fields": {"assessment": 12, "dimension": "Operational", "score": 15.0}}, {"model": "insights.dimensionscore", "pk": 19, "fields": {"assessment": 13, "dimension": "Strategic", "score": 20.0}}, {"model": "insights.dimensionscore", "pk": 20, "fields": {"assessment": 13, "dimension": "Operational", "score": 15.0}}, {"model": "insights.dimensionscore", "pk": 21, "fields": {"assessment": 14, "dimension": "Strategic", "score": 20.0}}, {"model": "insights.dimensionscore", "pk": 22, "fields": {"assessment": 14, "dimension": "Operational", "score": 15.0}}, {"model": "insights.dimensionscore", "pk": 23, "fields": {"assessment": 15, "dimension": "Strategic", "score": 20.0}}, {"model": "insights.dimensionscore", "pk": 24, "fields": {"assessment": 15, "dimension": "Operational", "score": 15.0}}, {"model": "insights.dimensionscore", "pk": 25, "fields": {"assessment": 16, "dimension": "Strategic", "score": 20.0}}, {"model": "insights.dimensionscore", "pk": 26, "fields": {"assessment": 16, "dimension": "Operational", "score": 15.0}}, {"model": "insights.dimensionscore", "pk": 27, "fields": {"assessment": 17, "dimension": "Strategic", "score": 20.0}}, {"model": "insights.dimensionscore", "pk": 28, "fields": {"assessment": 17, "dimension": "Operational", "score": 15.0}}, {"model": "insights.dimensionscore", "pk": 29, "fields": {"assessment": 18, "dimension": "Strategic", "score": 20.0}}, {"model": "insights.dimensionscore", "pk": 30, "fields": {"assessment": 18, "dimension": "Operational", "score": 20.0}}, {"model": "insights.dimensionscore", "pk": 31, "fields": {"assessment": 19, "dimension": "Strategic", "score": 20.0}}, {"model": "insights.dimensionscore", "pk": 32, "fields": {"assessment": 19, "dimension": "Operational", "score": 15.0}}, {"model": "insights.dimensionscore", "pk": 33, "fields": {"assessment": 20, "dimension": "Strategic", "score": 20.0}}, {"model": "insights.dimensionscore", "pk": 34, "fields": {"assessment": 20, "dimension": "Operational", "score": 15.0}}, {"model": "insights.dimensionscore", "pk": 35, "fields": {"assessment": 21, "dimension": "Strategic", "score": 20.0}}, {"model": "insights.dimensionscore", "pk": 36, "fields": {"assessment": 21, "dimension": "Operational", "score": 15.0}}, {"model": "insights.dimensionscore", "pk": 37, "fields": {"assessment": 22, "dimension": "Strategic", "score": 20.0}}, {"model": "insights.dimensionscore", "pk": 38, "fields": {"assessment": 22, "dimension": "Operational", "score": 15.0}}, {"model": "insights.dimensionscore", "pk": 39, "fields": {"assessment": 23, "dimension": "Strategic", "score": 20.0}}, {"model": "insights.dimensionscore", "pk": 40, "fields": {"assessment": 23, "dimension": "Operational", "score": 15.0}}, {"model": "insights.dimensionscore", "pk": 41, "fields": {"assessment": 24, "dimension": "Strategic", "score": 20.0}}, {"model": "insights.dimensionscore", "pk": 42, "fields": {"assessment": 24, "dimension": "Operational", "score": 15.0}}, {"model": "insights.dimensionscore", "pk": 43, "fields": {"assessment": 25, "dimension": "Strategic", "score": 20.0}}, {"model": "insights.dimensionscore", "pk": 44, "fields": {"assessment": 25, "dimension": "Operational", "score": 15.0}}, {"model": "insights.dimensionscore", "pk": 45, "fields": {"assessment": 26, "dimension": "Strategic", "score": 20.0}}, {"model": "insights.dimensionscore", "pk": 46, "fields": {"assessment": 26, "dimension": "Operational", "score": 20.0}}, {"model": "insights.dimensionscore", "pk": 47, "fields": {"assessment": 27, "dimension": "Strategic", "score": 20.0}}, {"model": "insights.dimensionscore", "pk": 48, "fields": {"assessment": 27, "dimension": "Operational", "score": 15.0}}, {"model": "insights.dimensionscore", "pk": 49, "fields": {"assessment": 28, "dimension": "Strategic", "score": 20.0}}, {"model": "insights.dimensionscore", "pk": 50, "fields": {"assessment": 28, "dimension": "Operational", "score": 15.0}}, {"model": "insights.dimensionscore", "pk": 51, "fields": {"assessment": 29, "dimension": "Strategic", "score": 20.0}}, {"model": "insights.dimensionscore", "pk": 52, "fields": {"assessment": 29, "dimension": "Operational", "score": 15.0}}, {"model": "insights.dimensionscore", "pk": 53, "fields": {"assessment": 30, "dimension": "Strategic", "score": 40.0}}, {"model": "insights.dimensionscore", "pk": 54, "fields": {"assessment": 30, "dimension": "Operational", "score": 70.0}}, {"model": "insights.dimensionscore", "pk": 55, "fields": {"assessment": 31, "dimension": "Strategic", "score": 40.0}}, {"model": "insights.dimensionscore", "pk": 56, "fields": {"assessment": 31, "dimension": "Operational", "score": 42.0}}, {"model": "insights.dimensionscore", "pk": 57, "fields": {"assessment": 32, "dimension": "Strategic", "score": 40.0}}, {"model": "insights.dimensionscore", "pk": 58, "fields": {"assessment": 32, "dimension": "Operational", "score": 50.0}}, {"model": "insights.dimensionscore", "pk": 59, "fields": {"assessment": 33, "dimension": "Strategic", "score": 40.0}}, {"model": "insights.dimensionscore", "pk": 60, "fields": {"assessment": 33, "dimension": "Operational", "score": 70.0}}, {"model": "insights.dimensionscore", "pk": 61, "fields": {"assessment": 34, "dimension": "Strategic", "score": 40.0}}, {"model": "insights.dimensionscore", "pk": 62, "fields": {"assessment": 34, "dimension": "Operational", "score": 50.0}}, {"model": "insights.dimensionscore", "pk": 63, "fields": {"assessment": 35, "dimension": "Strategic", "score": 40.0}}, {"model": "insights.dimensionscore", "pk": 64, "fields": {"assessment": 35, "dimension": "Operational", "score": 50.0}}, {"model": "insights.dimensionscore", "pk": 65, "fields": {"assessment": 36, "dimension": "Strategic", "score": 40.0}}, {"model": "insights.dimensionscore", "pk": 66, "fields": {"assessment": 36, "dimension": "Operational", "score": 70.0}}, {"model": "insights.dimensionscore", "pk": 67, "fields": {"assessment": 37, "dimension": "Strategic", "score": 0.0}}, {"model": "insights.dimensionscore", "pk": 68, "fields": {"assessment": 37, "dimension": "Operational", "score": 0.0}}, {"model": "insights.dimensionscore", "pk": 69, "fields": {"assessment": 38, "dimension": "Strategic", "score": 0.0}}, {"model": "insights.dimensionscore", "pk": 70, "fields": {"assessment": 38, "dimension": "Operational", "score": 0.0}}, {"model": "insights.dimensionscore", "pk": 71, "fields": {"assessment": 39, "dimension": "Strategic", "score": 0.0}}, {"model": "insights.dimensionscore", "pk": 72, "fields": {"assessment": 39, "dimension": "Operational", "score": 0.0}}, {"model": "insights.dimensionscore", "pk": 73, "fields": {"assessment": 40, "dimension": "Strategic", "score": 0.0}}, {"model": "insights.dimensionscore", "pk": 74, "fields": {"assessment": 40, "dimension": "Operational", "score": 0.0}}, {"model": "insights.dimensionscore", "pk": 75, "fields": {"assessment": 41, "dimension": "Strategic", "score": 20.0}}, {"model": "insights.dimensionscore", "pk": 76, "fields": {"assessment": 41, "dimension": "Operational", "score": 15.0}}, {"model": "insights.dimensionscore", "pk": 77, "fields": {"assessment": 42, "dimension": "Strategic", "score": 0.0}}, {"model": "insights.dimensionscore", "pk": 78, "fields": {"assessment": 42, "dimension": "Operational", "score": 0.0}}, {"model": "insights.dimensionscore", "pk": 79, "fields": {"assessment": 43, "dimension": "Strategic", "score": 0.0}}, {"model": "insights.dimensionscore", "pk": 80, "fields": {"assessment": 43, "dimension": "Operational", "score": 0.0}}, {"model": "insights.dimensionscore", "pk": 81, "fields": {"assessment": 44, "dimension": "Strategic", "score": 25.0}}, {"model": "insights.dimensionscore", "pk": 82, "fields": {"assessment": 44, "dimension": "Operational", "score": 20.0}}, {"model": "insights.dimensionscore", "pk": 83, "fields": {"assessment": 45, "dimension": "Strategic", "score": 25.0}}, {"model": "insights.dimensionscore", "pk": 84, "fields": {"assessment": 45, "dimension": "Operational", "score": 20.0}}, {"model": "insights.dimensionscore", "pk": 85, "fields": {"assessment": 46, "dimension": "Strategic", "score": 25.0}}, {"model": "insights.dimensionscore", "pk": 86, "fields": {"assessment": 46, "dimension": "Operational", "score": -45.0}}, {"model": "insights.dimensionscore", "pk": 87, "fields": {"assessment": 47, "dimension": "Strategic", "score": 0.0}}, {"model": "insights.dimensionscore", "pk": 88, "fields": {"assessment": 47, "dimension": "Operational", "score": 45.0}}, {"model": "insights.dimensionscore", "pk": 89, "fields": {"assessment": 48, "dimension": "Strategic", "score": 40.0}}, {"model": "insights.dimensionscore", "pk": 90, "fields": {"assessment": 48, "dimension": "Operational", "score": -20.0}}, {"model": "insights.dimensionscore", "pk": 91, "fields": {"assessment": 49, "dimension": "Strategic", "score": 40.0}}, {"model": "insights.dimensionscore", "pk": 92, "fields": {"assessment": 49, "dimension": "Operational", "score": 20.0}}, {"model": "insights.dimensionscore", "pk": 93, "fields": {"assessment": 50, "dimension": "Strategic", "score": 40.0}}, {"model": "insights.dimensionscore", "pk": 94, "fields": {"assessment": 50, "dimension": "Operational", "score": 70.0}}, {"model": "insights.dimensionscore", "pk": 95, "fields": {"assessment": 51, "dimension": "Strategic", "score": 20.0}}, {"model": "insights.dimensionscore", "pk": 96, "fields": {"assessment": 51, "dimension": "Operational", "score": 45.0}}, {"model": "insights.dimensionscore", "pk": 97, "fields": {"assessment": 52, "dimension": "Strategic", "score": 50.0}}, {"model": "insights.dimensionscore", "pk": 98, "fields": {"assessment": 52, "dimension": "Operational", "score": 25.0}}, {"model": "insights.dimensionscore", "pk": 99, "fields": {"assessment": 53, "dimension": "Strategic", "score": 0.0}}, {"model": "insights.dimensionscore", "pk": 100, "fields": {"assessment": 53, "dimension": "Operational", "score": 20.0}}, {"model": "insights.dimensionscore", "pk": 101, "fields": {"assessment": 54, "dimension": "Strategic", "score": 65.0}}, {"model": "insights.dimensionscore", "pk": 102, "fields": {"assessment": 54, "dimension": "Operational", "score": 35.0}}, {"model": "insights.dimensionscore", "pk": 103, "fields": {"assessment": 55, "dimension": "Strategic", "score": 22.0}}, {"model": "insights.dimensionscore", "pk": 104, "fields": {"assessment": 55, "dimension": "Operational", "score": 65.0}}, {"model": "insights.dimensionscore", "pk": 105, "fields": {"assessment": 56, "dimension": "Strategic", "score": 20.0}}, {"model": "insights.dimensionscore", "pk": 106, "fields": {"assessment": 56, "dimension": "Operational", "score": 65.0}}, {"model": "insights.dimensionscore", "pk": 107, "fields": {"assessment": 57, "dimension": "Strategic", "score": 0.0}}, {"model": "insights.dimensionscore", "pk": 108, "fields": {"assessment": 57, "dimension": "Operational", "score": 0.0}}, {"model": "insights.dimensionscore", "pk": 109, "fields": {"assessment": 58, "dimension": "Strategic", "score": 0.0}}, {"model": "insights.dimensionscore", "pk": 110, "fields": {"assessment": 58, "dimension": "Operational", "score": 0.0}}, {"model": "insights.dimensionscore", "pk": 111, "fields": {"assessment": 59, "dimension": "Strategic", "score": 70.0}}, {"model": "insights.dimensionscore", "pk": 112, "fields": {"assessment": 59, "dimension": "Operational", "score": 60.0}}, {"model": "insights.dimensionscore", "pk": 113, "fields": {"assessment": 60, "dimension": "Strategic", "score": 70.0}}, {"model": "insights.dimensionscore", "pk": 114, "fields": {"assessment": 60, "dimension": "Operational", "score": 60.0}}, {"model": "insights.dimensionscore", "pk": 115, "fields": {"assessment": 61, "dimension": "Strategic", "score": 20.0}}, {"model": "insights.dimensionscore", "pk": 116, "fields": {"assessment": 61, "dimension": "Operational", "score": 15.0}}, {"model": "insights.dimensionscore", "pk": 117, "fields": {"assessment": 62, "dimension": "Strategic", "score": 50.0}}, {"model": "insights.dimensionscore", "pk": 118, "fields": {"assessment": 62, "dimension": "Operational", "score": 25.0}}, {"model": "insights.dimensionscore", "pk": 119, "fields": {"assessment": 63, "dimension": "Strategic", "score": 50.0}}, {"model": "insights.dimensionscore", "pk": 120, "fields": {"assessment": 63, "dimension": "Operational", "score": 25.0}}, {"model": "insights.dimensionscore", "pk": 121, "fields": {"assessment": 64, "dimension": "Strategic", "score": 50.0}}, {"model": "insights.dimensionscore", "pk": 122, "fields": {"assessment": 64, "dimension": "Operational", "score": 25.0}}, {"model": "insights.dimensionscore", "pk": 123, "fields": {"assessment": 65, "dimension": "Strategic", "score": 50.0}}, {"model": "insights.dimensionscore", "pk": 124, "fields": {"assessment": 65, "dimension": "Operational", "score": 25.0}}, {"model": "insights.changemilestone", "pk": 1, "fields": {"assessment": 25, "user": 14, "date": "2025-04-14", "title": "AI Assessment Analysis Completed", "description": "Tactical", "created_at": "2025-04-14T03:28:23.461Z"}}, {"model": "insights.changemilestone", "pk": 2, "fields": {"assessment": 26, "user": 14, "date": "2025-04-14", "title": "AI Assessment Analysis Completed", "description": "Emerging", "created_at": "2025-04-14T03:33:21.363Z"}}, {"model": "insights.changemilestone", "pk": 3, "fields": {"assessment": 27, "user": 19, "date": "2025-04-14", "title": "AI Assessment Analysis Completed", "description": "Emerging", "created_at": "2025-04-14T04:02:05.355Z"}}, {"model": "insights.changemilestone", "pk": 4, "fields": {"assessment": 28, "user": 14, "date": "2025-04-14", "title": "AI Assessment Analysis Completed", "description": "Emerging", "created_at": "2025-04-14T05:30:34.162Z"}}, {"model": "insights.changemilestone", "pk": 5, "fields": {"assessment": 29, "user": 20, "date": "2025-04-14", "title": "AI Assessment Analysis Completed", "description": "Emerging", "created_at": "2025-04-14T14:07:58.260Z"}}, {"model": "insights.changemilestone", "pk": 6, "fields": {"assessment": 30, "user": 20, "date": "2025-04-14", "title": "AI Assessment Analysis Completed", "description": "Tactical", "created_at": "2025-04-14T14:14:41.730Z"}}, {"model": "insights.changemilestone", "pk": 7, "fields": {"assessment": 31, "user": 20, "date": "2025-04-14", "title": "AI Assessment Analysis Completed", "description": "Emerging", "created_at": "2025-04-14T14:16:42.940Z"}}, {"model": "insights.changemilestone", "pk": 8, "fields": {"assessment": 32, "user": 20, "date": "2025-04-14", "title": "AI Assessment Analysis Completed", "description": "Tactical", "created_at": "2025-04-14T14:17:20.468Z"}}, {"model": "insights.changemilestone", "pk": 9, "fields": {"assessment": 33, "user": 20, "date": "2025-04-14", "title": "AI Assessment Analysis Completed", "description": "Tactical", "created_at": "2025-04-14T14:19:05.693Z"}}, {"model": "insights.changemilestone", "pk": 10, "fields": {"assessment": 34, "user": 20, "date": "2025-04-14", "title": "AI Assessment Analysis Completed", "description": "Tactical", "created_at": "2025-04-14T14:19:59.085Z"}}, {"model": "insights.changemilestone", "pk": 11, "fields": {"assessment": 35, "user": 20, "date": "2025-04-14", "title": "AI Assessment Analysis Completed", "description": "Tactical", "created_at": "2025-04-14T15:02:10.930Z"}}, {"model": "insights.changemilestone", "pk": 12, "fields": {"assessment": 36, "user": 20, "date": "2025-04-14", "title": "AI Assessment Analysis Completed", "description": "Tactical", "created_at": "2025-04-14T19:58:16.527Z"}}, {"model": "insights.changemilestone", "pk": 13, "fields": {"assessment": 37, "user": 20, "date": "2025-04-15", "title": "AI Assessment Analysis Completed", "description": "Emerging", "created_at": "2025-04-15T14:11:58.494Z"}}, {"model": "insights.changemilestone", "pk": 14, "fields": {"assessment": 38, "user": 20, "date": "2025-04-15", "title": "AI Assessment Analysis Completed", "description": "Emerging", "created_at": "2025-04-15T14:12:08.578Z"}}, {"model": "insights.changemilestone", "pk": 15, "fields": {"assessment": 39, "user": 20, "date": "2025-04-15", "title": "AI Assessment Analysis Completed", "description": "Emerging", "created_at": "2025-04-15T14:12:23.824Z"}}, {"model": "insights.changemilestone", "pk": 16, "fields": {"assessment": 40, "user": 20, "date": "2025-04-15", "title": "AI Assessment Analysis Completed", "description": "Emerging", "created_at": "2025-04-15T14:13:09.988Z"}}, {"model": "insights.changemilestone", "pk": 17, "fields": {"assessment": 41, "user": 20, "date": "2025-04-15", "title": "AI Assessment Analysis Completed", "description": "Emerging", "created_at": "2025-04-15T14:13:35.500Z"}}, {"model": "insights.changemilestone", "pk": 18, "fields": {"assessment": 42, "user": 20, "date": "2025-04-15", "title": "AI Assessment Analysis Completed", "description": "Emerging", "created_at": "2025-04-15T14:13:49.208Z"}}, {"model": "insights.changemilestone", "pk": 19, "fields": {"assessment": 43, "user": 20, "date": "2025-04-15", "title": "AI Assessment Analysis Completed", "description": "Emerging", "created_at": "2025-04-15T14:14:02.608Z"}}, {"model": "insights.changemilestone", "pk": 20, "fields": {"assessment": 44, "user": 20, "date": "2025-04-15", "title": "AI Assessment Analysis Completed", "description": "Emerging", "created_at": "2025-04-15T14:19:59.607Z"}}, {"model": "insights.changemilestone", "pk": 21, "fields": {"assessment": 45, "user": 20, "date": "2025-04-15", "title": "AI Assessment Analysis Completed", "description": "Emerging", "created_at": "2025-04-15T14:20:20.557Z"}}, {"model": "insights.changemilestone", "pk": 22, "fields": {"assessment": 46, "user": 20, "date": "2025-04-15", "title": "AI Assessment Analysis Completed", "description": "Emerging", "created_at": "2025-04-15T14:22:29.981Z"}}, {"model": "insights.changemilestone", "pk": 23, "fields": {"assessment": 47, "user": 20, "date": "2025-04-15", "title": "AI Assessment Analysis Completed", "description": "Emerging", "created_at": "2025-04-15T14:24:57.995Z"}}, {"model": "insights.changemilestone", "pk": 24, "fields": {"assessment": 48, "user": 20, "date": "2025-04-15", "title": "AI Assessment Analysis Completed", "description": "Emerging", "created_at": "2025-04-15T14:25:46.343Z"}}, {"model": "insights.changemilestone", "pk": 25, "fields": {"assessment": 49, "user": 14, "date": "2025-04-15", "title": "AI Assessment Analysis Completed", "description": "Emerging", "created_at": "2025-04-15T14:26:37.173Z"}}, {"model": "insights.changemilestone", "pk": 26, "fields": {"assessment": 50, "user": 14, "date": "2025-04-15", "title": "AI Assessment Analysis Completed", "description": "Tactical", "created_at": "2025-04-15T14:27:39.852Z"}}, {"model": "insights.changemilestone", "pk": 27, "fields": {"assessment": 51, "user": 14, "date": "2025-04-15", "title": "AI Assessment Analysis Completed", "description": "Emerging", "created_at": "2025-04-15T14:29:10.633Z"}}, {"model": "insights.changemilestone", "pk": 28, "fields": {"assessment": 52, "user": 14, "date": "2025-04-15", "title": "AI Assessment Analysis Completed", "description": "Strategic", "created_at": "2025-04-15T14:29:36.744Z"}}, {"model": "insights.changemilestone", "pk": 29, "fields": {"assessment": 53, "user": 14, "date": "2025-04-15", "title": "AI Assessment Analysis Completed", "description": "Emerging", "created_at": "2025-04-15T14:33:25.654Z"}}, {"model": "insights.changemilestone", "pk": 30, "fields": {"assessment": 54, "user": 14, "date": "2025-04-15", "title": "AI Assessment Analysis Completed", "description": "Strategic", "created_at": "2025-04-15T14:35:16.510Z"}}, {"model": "insights.changemilestone", "pk": 31, "fields": {"assessment": 55, "user": 14, "date": "2025-04-15", "title": "AI Assessment Analysis Completed", "description": "Tactical", "created_at": "2025-04-15T14:36:45.065Z"}}, {"model": "insights.changemilestone", "pk": 32, "fields": {"assessment": 56, "user": 14, "date": "2025-04-15", "title": "AI Assessment Analysis Completed", "description": "Tactical", "created_at": "2025-04-15T14:38:01.722Z"}}, {"model": "insights.changemilestone", "pk": 33, "fields": {"assessment": 57, "user": 14, "date": "2025-04-15", "title": "AI Assessment Analysis Completed", "description": "Emerging", "created_at": "2025-04-15T14:39:25.508Z"}}, {"model": "insights.changemilestone", "pk": 34, "fields": {"assessment": 58, "user": 14, "date": "2025-04-15", "title": "AI Assessment Analysis Completed", "description": "Emerging", "created_at": "2025-04-15T14:39:53.710Z"}}, {"model": "insights.changemilestone", "pk": 35, "fields": {"assessment": 59, "user": 14, "date": "2025-04-15", "title": "AI Assessment Analysis Completed", "description": "Transformational", "created_at": "2025-04-15T14:42:44.059Z"}}, {"model": "insights.changemilestone", "pk": 36, "fields": {"assessment": 60, "user": 22, "date": "2025-04-15", "title": "AI Assessment Analysis Completed", "description": "Transformational", "created_at": "2025-04-15T16:18:46.284Z"}}, {"model": "insights.changemilestone", "pk": 37, "fields": {"assessment": 61, "user": 20, "date": "2025-04-22", "title": "AI Assessment Analysis Completed", "description": "Emerging", "created_at": "2025-04-22T02:04:35.747Z"}}, {"model": "insights.changemilestone", "pk": 38, "fields": {"assessment": 62, "user": 20, "date": "2025-04-22", "title": "AI Assessment Analysis Completed", "description": "Strategic", "created_at": "2025-04-22T17:42:46.912Z"}}, {"model": "insights.changemilestone", "pk": 39, "fields": {"assessment": 63, "user": 23, "date": "2025-05-09", "title": "AI Assessment Analysis Completed", "description": "Strategic", "created_at": "2025-05-09T23:32:43.326Z"}}, {"model": "insights.changemilestone", "pk": 40, "fields": {"assessment": 64, "user": 23, "date": "2025-05-09", "title": "AI Assessment Analysis Completed", "description": "Strategic", "created_at": "2025-05-09T23:39:09.584Z"}}, {"model": "insights.changemilestone", "pk": 41, "fields": {"assessment": 65, "user": 23, "date": "2025-05-09", "title": "AI Assessment Analysis Completed", "description": "Strategic", "created_at": "2025-05-09T23:54:20.238Z"}}]
